# 3ds Max Wavefront OBJ Exporter v0.97b - (c)2007 guruware
# File Created: 19.12.2023 15:37:57

mtllib HCR527.mtl

#
# object HCR527
#

v  1.6133 0.3937 0.7877
v  1.6133 0.3937 0.7867
v  1.6133 -5.5118 0.7877
v  1.6133 -5.5118 0.7867
v  1.6132 0.3937 0.7857
v  1.6132 -5.5118 0.7857
v  1.6131 0.3937 0.7847
v  1.6131 -5.5118 0.7847
v  1.6130 0.3937 0.7837
v  1.6130 -5.5118 0.7837
v  1.6129 0.3937 0.7827
v  1.6129 -5.5118 0.7827
v  1.6127 0.3937 0.7817
v  1.6127 -5.5118 0.7817
v  1.6125 0.3937 0.7808
v  1.6125 -5.5118 0.7808
v  1.6122 0.3937 0.7798
v  1.6122 -5.5118 0.7798
v  1.6119 0.3937 0.7788
v  1.6119 -5.5118 0.7788
v  1.6116 0.3937 0.7779
v  1.6116 -5.5118 0.7779
v  1.6113 0.3937 0.7770
v  1.6113 -5.5118 0.7770
v  1.6109 0.3937 0.7760
v  1.6109 -5.5118 0.7760
v  1.6105 0.3937 0.7751
v  1.6105 -5.5118 0.7751
v  1.6100 0.3937 0.7742
v  1.6100 -5.5118 0.7742
v  1.6096 0.3937 0.7733
v  1.6096 -5.5118 0.7733
v  1.6091 0.3937 0.7725
v  1.6091 -5.5118 0.7725
v  1.6085 0.3937 0.7716
v  1.6085 -5.5118 0.7716
v  1.6080 0.3937 0.7708
v  1.6080 -5.5118 0.7708
v  1.6074 0.3937 0.7700
v  1.6074 -5.5118 0.7700
v  1.6068 0.3937 0.7692
v  1.6068 -5.5118 0.7692
v  1.6061 0.3937 0.7684
v  1.6061 -5.5118 0.7684
v  1.6055 0.3937 0.7677
v  1.6055 -5.5118 0.7677
v  1.6048 0.3937 0.7670
v  1.6048 -5.5118 0.7670
v  1.6041 0.3937 0.7663
v  1.6041 -5.5118 0.7663
v  1.6034 0.3937 0.7656
v  1.6034 -5.5118 0.7656
v  1.6026 0.3937 0.7650
v  1.6026 -5.5118 0.7650
v  1.6018 0.3937 0.7643
v  1.6018 -5.5118 0.7643
v  1.6010 0.3937 0.7637
v  1.6010 -5.5118 0.7637
v  1.6002 0.3937 0.7632
v  1.6002 -5.5118 0.7632
v  1.5994 0.3937 0.7626
v  1.5994 -5.5118 0.7626
v  1.5985 0.3937 0.7621
v  1.5985 -5.5118 0.7621
v  1.5976 0.3937 0.7616
v  1.5976 -5.5118 0.7616
v  1.5967 0.3937 0.7612
v  1.5967 -5.5118 0.7612
v  1.5958 0.3937 0.7607
v  1.5958 -5.5118 0.7607
v  1.5949 0.3937 0.7603
v  1.5949 -5.5118 0.7603
v  1.5940 0.3937 0.7600
v  1.5940 -5.5118 0.7600
v  1.5931 0.3937 0.7597
v  1.5931 -5.5118 0.7597
v  1.5921 0.3937 0.7594
v  1.5921 -5.5118 0.7594
v  1.5911 0.3937 0.7591
v  1.5911 -5.5118 0.7591
v  1.5902 0.3937 0.7589
v  1.5902 -5.5118 0.7589
v  1.5892 0.3937 0.7587
v  1.5892 -5.5118 0.7587
v  1.5882 0.3937 0.7585
v  1.5882 -5.5118 0.7585
v  1.5872 0.3937 0.7584
v  1.5872 -5.5118 0.7584
v  1.5862 0.3937 0.7583
v  1.5862 -5.5118 0.7583
v  1.5852 0.3937 0.7582
v  1.5852 -5.5118 0.7582
v  1.5842 0.3937 0.7582
v  1.5842 -5.5118 0.7582
v  1.5832 0.3937 0.7582
v  1.5832 -5.5118 0.7582
v  1.5822 0.3937 0.7582
v  1.5822 -5.5118 0.7582
v  1.5813 0.3937 0.7583
v  1.5813 -5.5118 0.7583
v  1.5803 0.3937 0.7584
v  1.5803 -5.5118 0.7584
v  1.5793 0.3937 0.7585
v  1.5793 -5.5118 0.7585
v  1.5783 0.3937 0.7587
v  1.5783 -5.5118 0.7587
v  1.5773 0.3937 0.7589
v  1.5773 -5.5118 0.7589
v  1.5763 0.3937 0.7591
v  1.5763 -5.5118 0.7591
v  1.5754 0.3937 0.7594
v  1.5754 -5.5118 0.7594
v  1.5744 0.3937 0.7597
v  1.5744 -5.5118 0.7597
v  1.5735 0.3937 0.7600
v  1.5735 -5.5118 0.7600
v  1.5726 0.3937 0.7603
v  1.5726 -5.5118 0.7603
v  1.5716 0.3937 0.7607
v  1.5716 -5.5118 0.7607
v  1.5707 0.3937 0.7612
v  1.5707 -5.5118 0.7612
v  1.5699 0.3937 0.7616
v  1.5699 -5.5118 0.7616
v  1.5690 0.3937 0.7621
v  1.5690 -5.5118 0.7621
v  1.5681 0.3937 0.7626
v  1.5681 -5.5118 0.7626
v  1.5673 0.3937 0.7632
v  1.5673 -5.5118 0.7632
v  1.5665 0.3937 0.7637
v  1.5665 -5.5118 0.7637
v  1.5657 0.3937 0.7643
v  1.5657 -5.5118 0.7643
v  1.5649 0.3937 0.7650
v  1.5649 -5.5118 0.7650
v  1.5641 0.3937 0.7656
v  1.5641 -5.5118 0.7656
v  1.5634 0.3937 0.7663
v  1.5634 -5.5118 0.7663
v  1.5627 0.3937 0.7670
v  1.5627 -5.5118 0.7670
v  1.5620 0.3937 0.7677
v  1.5620 -5.5118 0.7677
v  1.5613 0.3937 0.7684
v  1.5613 -5.5118 0.7684
v  1.5607 0.3937 0.7692
v  1.5607 -5.5118 0.7692
v  1.5601 0.3937 0.7700
v  1.5601 -5.5118 0.7700
v  1.5595 0.3937 0.7708
v  1.5595 -5.5118 0.7708
v  1.5590 0.3937 0.7716
v  1.5590 -5.5118 0.7716
v  1.5584 0.3937 0.7725
v  1.5584 -5.5118 0.7725
v  1.5579 0.3937 0.7733
v  1.5579 -5.5118 0.7733
v  1.5575 0.3937 0.7742
v  1.5575 -5.5118 0.7742
v  1.5570 0.3937 0.7751
v  1.5570 -5.5118 0.7751
v  1.5566 0.3937 0.7760
v  1.5566 -5.5118 0.7760
v  1.5562 0.3937 0.7770
v  1.5562 -5.5118 0.7770
v  1.5559 0.3937 0.7779
v  1.5559 -5.5118 0.7779
v  1.5556 0.3937 0.7788
v  1.5556 -5.5118 0.7788
v  1.5553 0.3937 0.7798
v  1.5553 -5.5118 0.7798
v  1.5550 0.3937 0.7808
v  1.5550 -5.5118 0.7808
v  1.5548 0.3937 0.7817
v  1.5548 -5.5118 0.7817
v  1.5546 0.3937 0.7827
v  1.5546 -5.5118 0.7827
v  1.5545 0.3937 0.7837
v  1.5545 -5.5118 0.7837
v  1.5544 0.3937 0.7847
v  1.5544 -5.5118 0.7847
v  1.5543 0.3937 0.7857
v  1.5543 -5.5118 0.7857
v  1.5542 -5.5118 0.7867
v  1.5542 0.3937 0.7867
v  1.5542 -5.5118 0.7877
v  1.5542 0.3937 0.7877
v  1.7412 0.3937 0.7877
v  1.7412 -5.5118 0.7877
v  1.7412 0.3937 0.2463
v  1.7412 -5.5118 0.2463
v  1.7314 0.3937 0.2365
v  1.7317 0.3937 0.2365
v  1.7314 -5.5118 0.2365
v  1.7317 -5.5118 0.2365
v  1.7320 0.3937 0.2365
v  1.7320 -5.5118 0.2365
v  1.7324 0.3937 0.2365
v  1.7324 -5.5118 0.2365
v  1.7327 0.3937 0.2366
v  1.7327 -5.5118 0.2366
v  1.7330 0.3937 0.2366
v  1.7330 -5.5118 0.2366
v  1.7333 0.3937 0.2367
v  1.7333 -5.5118 0.2367
v  1.7337 0.3937 0.2368
v  1.7337 -5.5118 0.2368
v  1.7340 0.3937 0.2368
v  1.7340 -5.5118 0.2368
v  1.7343 0.3937 0.2369
v  1.7343 -5.5118 0.2369
v  1.7346 0.3937 0.2370
v  1.7346 -5.5118 0.2370
v  1.7349 0.3937 0.2372
v  1.7349 -5.5118 0.2372
v  1.7352 0.3937 0.2373
v  1.7352 -5.5118 0.2373
v  1.7355 0.3937 0.2374
v  1.7355 -5.5118 0.2374
v  1.7358 0.3937 0.2376
v  1.7358 -5.5118 0.2376
v  1.7361 0.3937 0.2377
v  1.7361 -5.5118 0.2377
v  1.7364 -5.5118 0.2379
v  1.7364 0.3937 0.2379
v  1.7367 -5.5118 0.2380
v  1.7367 0.3937 0.2380
v  1.7370 0.3937 0.2382
v  1.7370 -5.5118 0.2382
v  1.7372 0.3937 0.2384
v  1.7372 -5.5118 0.2384
v  1.7375 0.3937 0.2386
v  1.7375 -5.5118 0.2386
v  1.7377 0.3937 0.2388
v  1.7377 -5.5118 0.2388
v  1.7380 0.3937 0.2390
v  1.7380 -5.5118 0.2390
v  1.7382 0.3937 0.2393
v  1.7382 -5.5118 0.2393
v  1.7385 0.3937 0.2395
v  1.7385 -5.5118 0.2395
v  1.7387 0.3937 0.2397
v  1.7387 -5.5118 0.2397
v  1.7389 0.3937 0.2400
v  1.7389 -5.5118 0.2400
v  1.7391 0.3937 0.2402
v  1.7391 -5.5118 0.2402
v  1.7393 0.3937 0.2405
v  1.7393 -5.5118 0.2405
v  1.7395 0.3937 0.2408
v  1.7395 -5.5118 0.2408
v  1.7397 0.3937 0.2410
v  1.7397 -5.5118 0.2410
v  1.7399 0.3937 0.2413
v  1.7399 -5.5118 0.2413
v  1.7400 0.3937 0.2416
v  1.7400 -5.5118 0.2416
v  1.7402 0.3937 0.2419
v  1.7402 -5.5118 0.2419
v  1.7403 0.3937 0.2422
v  1.7403 -5.5118 0.2422
v  1.7404 0.3937 0.2425
v  1.7404 -5.5118 0.2425
v  1.7406 0.3937 0.2428
v  1.7406 -5.5118 0.2428
v  1.7407 0.3937 0.2431
v  1.7407 -5.5118 0.2431
v  1.7408 0.3937 0.2434
v  1.7408 -5.5118 0.2434
v  1.7409 0.3937 0.2437
v  1.7409 -5.5118 0.2437
v  1.7410 0.3937 0.2441
v  1.7410 -5.5118 0.2441
v  1.7410 0.3937 0.2444
v  1.7410 -5.5118 0.2444
v  1.7411 0.3937 0.2447
v  1.7411 -5.5118 0.2447
v  1.7411 0.3937 0.2450
v  1.7411 -5.5118 0.2450
v  1.7412 0.3937 0.2454
v  1.7412 -5.5118 0.2454
v  1.7412 0.3937 0.2457
v  1.7412 -5.5118 0.2457
v  1.7412 0.3937 0.2460
v  1.7412 -5.5118 0.2460
v  -1.3592 0.3937 0.2365
v  -1.3592 -5.5118 0.2365
v  -1.3690 0.3937 0.2463
v  -1.3690 0.3937 0.2460
v  -1.3690 -5.5118 0.2463
v  -1.3690 -5.5118 0.2460
v  -1.3690 0.3937 0.2457
v  -1.3690 -5.5118 0.2457
v  -1.3690 0.3937 0.2454
v  -1.3690 -5.5118 0.2454
v  -1.3689 0.3937 0.2450
v  -1.3689 -5.5118 0.2450
v  -1.3689 0.3937 0.2447
v  -1.3689 -5.5118 0.2447
v  -1.3688 0.3937 0.2444
v  -1.3688 -5.5118 0.2444
v  -1.3687 0.3937 0.2441
v  -1.3687 -5.5118 0.2441
v  -1.3687 0.3937 0.2437
v  -1.3687 -5.5118 0.2437
v  -1.3686 0.3937 0.2434
v  -1.3686 -5.5118 0.2434
v  -1.3685 0.3937 0.2431
v  -1.3685 -5.5118 0.2431
v  -1.3684 0.3937 0.2428
v  -1.3684 -5.5118 0.2428
v  -1.3682 0.3937 0.2425
v  -1.3682 -5.5118 0.2425
v  -1.3681 0.3937 0.2422
v  -1.3681 -5.5118 0.2422
v  -1.3680 0.3937 0.2419
v  -1.3680 -5.5118 0.2419
v  -1.3678 0.3937 0.2416
v  -1.3678 -5.5118 0.2416
v  -1.3676 -5.5118 0.2413
v  -1.3676 0.3937 0.2413
v  -1.3675 -5.5118 0.2410
v  -1.3675 0.3937 0.2410
v  -1.3673 0.3937 0.2408
v  -1.3673 -5.5118 0.2408
v  -1.3671 0.3937 0.2405
v  -1.3671 -5.5118 0.2405
v  -1.3669 0.3937 0.2402
v  -1.3669 -5.5118 0.2402
v  -1.3667 0.3937 0.2400
v  -1.3667 -5.5118 0.2400
v  -1.3665 0.3937 0.2397
v  -1.3665 -5.5118 0.2397
v  -1.3662 0.3937 0.2395
v  -1.3662 -5.5118 0.2395
v  -1.3660 0.3937 0.2393
v  -1.3660 -5.5118 0.2393
v  -1.3658 0.3937 0.2390
v  -1.3658 -5.5118 0.2390
v  -1.3655 0.3937 0.2388
v  -1.3655 -5.5118 0.2388
v  -1.3653 0.3937 0.2386
v  -1.3653 -5.5118 0.2386
v  -1.3650 0.3937 0.2384
v  -1.3650 -5.5118 0.2384
v  -1.3647 0.3937 0.2382
v  -1.3647 -5.5118 0.2382
v  -1.3645 0.3937 0.2380
v  -1.3645 -5.5118 0.2380
v  -1.3642 0.3937 0.2379
v  -1.3642 -5.5118 0.2379
v  -1.3639 0.3937 0.2377
v  -1.3639 -5.5118 0.2377
v  -1.3636 0.3937 0.2376
v  -1.3636 -5.5118 0.2376
v  -1.3633 0.3937 0.2374
v  -1.3633 -5.5118 0.2374
v  -1.3630 0.3937 0.2373
v  -1.3630 -5.5118 0.2373
v  -1.3627 0.3937 0.2372
v  -1.3627 -5.5118 0.2372
v  -1.3624 0.3937 0.2370
v  -1.3624 -5.5118 0.2370
v  -1.3621 0.3937 0.2369
v  -1.3621 -5.5118 0.2369
v  -1.3618 0.3937 0.2368
v  -1.3618 -5.5118 0.2368
v  -1.3614 0.3937 0.2368
v  -1.3614 -5.5118 0.2368
v  -1.3611 0.3937 0.2367
v  -1.3611 -5.5118 0.2367
v  -1.3608 0.3937 0.2366
v  -1.3608 -5.5118 0.2366
v  -1.3605 0.3937 0.2366
v  -1.3605 -5.5118 0.2366
v  -1.3602 0.3937 0.2365
v  -1.3602 -5.5118 0.2365
v  -1.3598 0.3937 0.2365
v  -1.3598 -5.5118 0.2365
v  -1.3595 0.3937 0.2365
v  -1.3595 -5.5118 0.2365
v  -1.3690 0.3937 0.7877
v  -1.3690 -5.5118 0.7877
v  -1.2411 0.3937 0.7877
v  -1.2411 -5.5118 0.7877
v  -1.1820 0.3937 0.7877
v  -1.1820 0.3937 0.7867
v  -1.1820 -5.5118 0.7877
v  -1.1820 -5.5118 0.7867
v  -1.1821 0.3937 0.7857
v  -1.1821 -5.5118 0.7857
v  -1.1822 0.3937 0.7847
v  -1.1822 -5.5118 0.7847
v  -1.1823 0.3937 0.7837
v  -1.1823 -5.5118 0.7837
v  -1.1824 0.3937 0.7827
v  -1.1824 -5.5118 0.7827
v  -1.1826 0.3937 0.7817
v  -1.1826 -5.5118 0.7817
v  -1.1828 0.3937 0.7808
v  -1.1828 -5.5118 0.7808
v  -1.1831 0.3937 0.7798
v  -1.1831 -5.5118 0.7798
v  -1.1834 0.3937 0.7788
v  -1.1834 -5.5118 0.7788
v  -1.1837 0.3937 0.7779
v  -1.1837 -5.5118 0.7779
v  -1.1840 0.3937 0.7770
v  -1.1840 -5.5118 0.7770
v  -1.1844 0.3937 0.7760
v  -1.1844 -5.5118 0.7760
v  -1.1848 0.3937 0.7751
v  -1.1848 -5.5118 0.7751
v  -1.1852 0.3937 0.7742
v  -1.1852 -5.5118 0.7742
v  -1.1857 0.3937 0.7733
v  -1.1857 -5.5118 0.7733
v  -1.1862 0.3937 0.7725
v  -1.1862 -5.5118 0.7725
v  -1.1867 0.3937 0.7716
v  -1.1867 -5.5118 0.7716
v  -1.1873 0.3937 0.7708
v  -1.1873 -5.5118 0.7708
v  -1.1879 0.3937 0.7700
v  -1.1879 -5.5118 0.7700
v  -1.1885 0.3937 0.7692
v  -1.1885 -5.5118 0.7692
v  -1.1891 0.3937 0.7684
v  -1.1891 -5.5118 0.7684
v  -1.1898 0.3937 0.7677
v  -1.1898 -5.5118 0.7677
v  -1.1905 0.3937 0.7670
v  -1.1905 -5.5118 0.7670
v  -1.1912 0.3937 0.7663
v  -1.1912 -5.5118 0.7663
v  -1.1919 0.3937 0.7656
v  -1.1919 -5.5118 0.7656
v  -1.1927 0.3937 0.7650
v  -1.1927 -5.5118 0.7650
v  -1.1935 0.3937 0.7643
v  -1.1935 -5.5118 0.7643
v  -1.1943 0.3937 0.7637
v  -1.1943 -5.5118 0.7637
v  -1.1951 0.3937 0.7632
v  -1.1951 -5.5118 0.7632
v  -1.1959 0.3937 0.7626
v  -1.1959 -5.5118 0.7626
v  -1.1968 0.3937 0.7621
v  -1.1968 -5.5118 0.7621
v  -1.1976 0.3937 0.7616
v  -1.1976 -5.5118 0.7616
v  -1.1985 0.3937 0.7612
v  -1.1985 -5.5118 0.7612
v  -1.1994 0.3937 0.7607
v  -1.1994 -5.5118 0.7607
v  -1.2003 0.3937 0.7603
v  -1.2003 -5.5118 0.7603
v  -1.2013 0.3937 0.7600
v  -1.2013 -5.5118 0.7600
v  -1.2022 0.3937 0.7597
v  -1.2022 -5.5118 0.7597
v  -1.2032 0.3937 0.7594
v  -1.2032 -5.5118 0.7594
v  -1.2041 0.3937 0.7591
v  -1.2041 -5.5118 0.7591
v  -1.2051 0.3937 0.7589
v  -1.2051 -5.5118 0.7589
v  -1.2061 0.3937 0.7587
v  -1.2061 -5.5118 0.7587
v  -1.2071 0.3937 0.7585
v  -1.2071 -5.5118 0.7585
v  -1.2080 0.3937 0.7584
v  -1.2080 -5.5118 0.7584
v  -1.2090 0.3937 0.7583
v  -1.2090 -5.5118 0.7583
v  -1.2100 0.3937 0.7582
v  -1.2100 -5.5118 0.7582
v  -1.2110 0.3937 0.7582
v  -1.2110 -5.5118 0.7582
v  -1.2120 0.3937 0.7582
v  -1.2120 -5.5118 0.7582
v  -1.2130 0.3937 0.7582
v  -1.2130 -5.5118 0.7582
v  -1.2140 0.3937 0.7583
v  -1.2140 -5.5118 0.7583
v  -1.2150 0.3937 0.7584
v  -1.2150 -5.5118 0.7584
v  -1.2160 0.3937 0.7585
v  -1.2160 -5.5118 0.7585
v  -1.2170 0.3937 0.7587
v  -1.2170 -5.5118 0.7587
v  -1.2180 0.3937 0.7589
v  -1.2180 -5.5118 0.7589
v  -1.2189 0.3937 0.7591
v  -1.2189 -5.5118 0.7591
v  -1.2199 0.3937 0.7594
v  -1.2199 -5.5118 0.7594
v  -1.2208 0.3937 0.7597
v  -1.2208 -5.5118 0.7597
v  -1.2218 0.3937 0.7600
v  -1.2218 -5.5118 0.7600
v  -1.2227 0.3937 0.7603
v  -1.2227 -5.5118 0.7603
v  -1.2236 0.3937 0.7607
v  -1.2236 -5.5118 0.7607
v  -1.2245 0.3937 0.7612
v  -1.2245 -5.5118 0.7612
v  -1.2254 0.3937 0.7616
v  -1.2254 -5.5118 0.7616
v  -1.2263 0.3937 0.7621
v  -1.2263 -5.5118 0.7621
v  -1.2271 0.3937 0.7626
v  -1.2271 -5.5118 0.7626
v  -1.2280 0.3937 0.7632
v  -1.2280 -5.5118 0.7632
v  -1.2288 0.3937 0.7637
v  -1.2288 -5.5118 0.7637
v  -1.2296 0.3937 0.7643
v  -1.2296 -5.5118 0.7643
v  -1.2304 0.3937 0.7650
v  -1.2304 -5.5118 0.7650
v  -1.2311 0.3937 0.7656
v  -1.2311 -5.5118 0.7656
v  -1.2319 0.3937 0.7663
v  -1.2319 -5.5118 0.7663
v  -1.2326 0.3937 0.7670
v  -1.2326 -5.5118 0.7670
v  -1.2333 0.3937 0.7677
v  -1.2333 -5.5118 0.7677
v  -1.2339 0.3937 0.7684
v  -1.2339 -5.5118 0.7684
v  -1.2346 0.3937 0.7692
v  -1.2346 -5.5118 0.7692
v  -1.2352 0.3937 0.7700
v  -1.2352 -5.5118 0.7700
v  -1.2358 0.3937 0.7708
v  -1.2358 -5.5118 0.7708
v  -1.2363 0.3937 0.7716
v  -1.2363 -5.5118 0.7716
v  -1.2368 0.3937 0.7725
v  -1.2368 -5.5118 0.7725
v  -1.2373 0.3937 0.7733
v  -1.2373 -5.5118 0.7733
v  -1.2378 0.3937 0.7742
v  -1.2378 -5.5118 0.7742
v  -1.2383 0.3937 0.7751
v  -1.2383 -5.5118 0.7751
v  -1.2387 0.3937 0.7760
v  -1.2387 -5.5118 0.7760
v  -1.2390 0.3937 0.7770
v  -1.2390 -5.5118 0.7770
v  -1.2394 0.3937 0.7779
v  -1.2394 -5.5118 0.7779
v  -1.2397 0.3937 0.7788
v  -1.2397 -5.5118 0.7788
v  -1.2400 0.3937 0.7798
v  -1.2400 -5.5118 0.7798
v  -1.2402 0.3937 0.7808
v  -1.2402 -5.5118 0.7808
v  -1.2405 0.3937 0.7817
v  -1.2405 -5.5118 0.7817
v  -1.2406 0.3937 0.7827
v  -1.2406 -5.5118 0.7827
v  -1.2408 0.3937 0.7837
v  -1.2408 -5.5118 0.7837
v  -1.2409 0.3937 0.7847
v  -1.2409 -5.5118 0.7847
v  -1.2410 0.3937 0.7857
v  -1.2410 -5.5118 0.7857
v  -1.2410 -5.5118 0.7867
v  -1.2410 0.3937 0.7867
v  -1.0541 0.3937 0.7877
v  -1.0541 -5.5118 0.7877
v  -1.0541 0.3937 0.4038
v  -1.0541 -5.5118 0.4038
v  -1.0442 0.3937 0.3940
v  -1.0445 0.3937 0.3940
v  -1.0442 -5.5118 0.3940
v  -1.0445 -5.5118 0.3940
v  -1.0449 0.3937 0.3940
v  -1.0449 -5.5118 0.3940
v  -1.0452 0.3937 0.3940
v  -1.0452 -5.5118 0.3940
v  -1.0455 0.3937 0.3941
v  -1.0455 -5.5118 0.3941
v  -1.0458 0.3937 0.3941
v  -1.0458 -5.5118 0.3941
v  -1.0462 0.3937 0.3942
v  -1.0462 -5.5118 0.3942
v  -1.0465 0.3937 0.3942
v  -1.0465 -5.5118 0.3942
v  -1.0468 0.3937 0.3943
v  -1.0468 -5.5118 0.3943
v  -1.0471 0.3937 0.3944
v  -1.0471 -5.5118 0.3944
v  -1.0474 0.3937 0.3945
v  -1.0474 -5.5118 0.3945
v  -1.0477 0.3937 0.3946
v  -1.0477 -5.5118 0.3946
v  -1.0480 0.3937 0.3948
v  -1.0480 -5.5118 0.3948
v  -1.0484 0.3937 0.3949
v  -1.0484 -5.5118 0.3949
v  -1.0486 0.3937 0.3950
v  -1.0486 -5.5118 0.3950
v  -1.0489 0.3937 0.3952
v  -1.0489 -5.5118 0.3952
v  -1.0492 0.3937 0.3953
v  -1.0492 -5.5118 0.3953
v  -1.0495 0.3937 0.3955
v  -1.0495 -5.5118 0.3955
v  -1.0498 0.3937 0.3957
v  -1.0498 -5.5118 0.3957
v  -1.0500 0.3937 0.3959
v  -1.0500 -5.5118 0.3959
v  -1.0503 0.3937 0.3961
v  -1.0503 -5.5118 0.3961
v  -1.0506 0.3937 0.3963
v  -1.0506 -5.5118 0.3963
v  -1.0508 0.3937 0.3965
v  -1.0508 -5.5118 0.3965
v  -1.0511 0.3937 0.3967
v  -1.0511 -5.5118 0.3967
v  -1.0513 0.3937 0.3970
v  -1.0513 -5.5118 0.3970
v  -1.0515 0.3937 0.3972
v  -1.0515 -5.5118 0.3972
v  -1.0517 0.3937 0.3975
v  -1.0517 -5.5118 0.3975
v  -1.0519 0.3937 0.3977
v  -1.0519 -5.5118 0.3977
v  -1.0521 0.3937 0.3980
v  -1.0521 -5.5118 0.3980
v  -1.0523 0.3937 0.3982
v  -1.0523 -5.5118 0.3982
v  -1.0525 0.3937 0.3985
v  -1.0525 -5.5118 0.3985
v  -1.0527 -5.5118 0.3988
v  -1.0527 0.3937 0.3988
v  -1.0528 -5.5118 0.3991
v  -1.0528 0.3937 0.3991
v  -1.0530 0.3937 0.3994
v  -1.0530 -5.5118 0.3994
v  -1.0531 0.3937 0.3997
v  -1.0531 -5.5118 0.3997
v  -1.0533 0.3937 0.4000
v  -1.0533 -5.5118 0.4000
v  -1.0534 0.3937 0.4003
v  -1.0534 -5.5118 0.4003
v  -1.0535 0.3937 0.4006
v  -1.0535 -5.5118 0.4006
v  -1.0536 0.3937 0.4009
v  -1.0536 -5.5118 0.4009
v  -1.0537 0.3937 0.4012
v  -1.0537 -5.5118 0.4012
v  -1.0538 0.3937 0.4015
v  -1.0538 -5.5118 0.4015
v  -1.0539 0.3937 0.4019
v  -1.0539 -5.5118 0.4019
v  -1.0539 0.3937 0.4022
v  -1.0539 -5.5118 0.4022
v  -1.0540 0.3937 0.4025
v  -1.0540 -5.5118 0.4025
v  -1.0540 0.3937 0.4028
v  -1.0540 -5.5118 0.4028
v  -1.0540 0.3937 0.4032
v  -1.0540 -5.5118 0.4032
v  -1.0540 0.3937 0.4035
v  -1.0540 -5.5118 0.4035
v  1.4164 0.3937 0.3940
v  1.4164 -5.5118 0.3940
v  1.4263 0.3937 0.4038
v  1.4263 0.3937 0.4035
v  1.4263 -5.5118 0.4038
v  1.4263 -5.5118 0.4035
v  1.4262 0.3937 0.4032
v  1.4262 -5.5118 0.4032
v  1.4262 0.3937 0.4028
v  1.4262 -5.5118 0.4028
v  1.4262 0.3937 0.4025
v  1.4262 -5.5118 0.4025
v  1.4261 0.3937 0.4022
v  1.4261 -5.5118 0.4022
v  1.4261 0.3937 0.4019
v  1.4261 -5.5118 0.4019
v  1.4260 0.3937 0.4015
v  1.4260 -5.5118 0.4015
v  1.4259 0.3937 0.4012
v  1.4259 -5.5118 0.4012
v  1.4258 0.3937 0.4009
v  1.4258 -5.5118 0.4009
v  1.4257 0.3937 0.4006
v  1.4257 -5.5118 0.4006
v  1.4256 0.3937 0.4003
v  1.4256 -5.5118 0.4003
v  1.4255 0.3937 0.4000
v  1.4255 -5.5118 0.4000
v  1.4254 0.3937 0.3997
v  1.4254 -5.5118 0.3997
v  1.4252 0.3937 0.3994
v  1.4252 -5.5118 0.3994
v  1.4251 0.3937 0.3991
v  1.4251 -5.5118 0.3991
v  1.4249 0.3937 0.3988
v  1.4249 -5.5118 0.3988
v  1.4247 0.3937 0.3985
v  1.4247 -5.5118 0.3985
v  1.4245 0.3937 0.3982
v  1.4245 -5.5118 0.3982
v  1.4243 0.3937 0.3980
v  1.4243 -5.5118 0.3980
v  1.4241 0.3937 0.3977
v  1.4241 -5.5118 0.3977
v  1.4239 0.3937 0.3975
v  1.4239 -5.5118 0.3975
v  1.4237 0.3937 0.3972
v  1.4237 -5.5118 0.3972
v  1.4235 0.3937 0.3970
v  1.4235 -5.5118 0.3970
v  1.4233 0.3937 0.3967
v  1.4233 -5.5118 0.3967
v  1.4230 0.3937 0.3965
v  1.4230 -5.5118 0.3965
v  1.4228 0.3937 0.3963
v  1.4228 -5.5118 0.3963
v  1.4225 0.3937 0.3961
v  1.4225 -5.5118 0.3961
v  1.4223 0.3937 0.3959
v  1.4223 -5.5118 0.3959
v  1.4220 0.3937 0.3957
v  1.4220 -5.5118 0.3957
v  1.4217 0.3937 0.3955
v  1.4217 -5.5118 0.3955
v  1.4214 -5.5118 0.3953
v  1.4214 0.3937 0.3953
v  1.4212 -5.5118 0.3952
v  1.4212 0.3937 0.3952
v  1.4209 0.3937 0.3950
v  1.4209 -5.5118 0.3950
v  1.4206 0.3937 0.3949
v  1.4206 -5.5118 0.3949
v  1.4203 0.3937 0.3948
v  1.4203 -5.5118 0.3948
v  1.4200 0.3937 0.3946
v  1.4200 -5.5118 0.3946
v  1.4197 0.3937 0.3945
v  1.4197 -5.5118 0.3945
v  1.4193 0.3937 0.3944
v  1.4193 -5.5118 0.3944
v  1.4190 0.3937 0.3943
v  1.4190 -5.5118 0.3943
v  1.4187 0.3937 0.3942
v  1.4187 -5.5118 0.3942
v  1.4184 0.3937 0.3942
v  1.4184 -5.5118 0.3942
v  1.4181 0.3937 0.3941
v  1.4181 -5.5118 0.3941
v  1.4177 0.3937 0.3941
v  1.4177 -5.5118 0.3941
v  1.4174 0.3937 0.3940
v  1.4174 -5.5118 0.3940
v  1.4171 0.3937 0.3940
v  1.4171 -5.5118 0.3940
v  1.4168 0.3937 0.3940
v  1.4168 -5.5118 0.3940
v  1.4263 0.3937 0.7877
v  1.4263 -5.5118 0.7877
# 768 vertices

vn -2.5400 0.0000 -0.0000
vn -2.5386 0.0000 0.0858
vn -2.5342 0.0000 0.1715
vn -2.5270 0.0000 0.2570
vn -2.5168 0.0000 0.3422
vn -2.5039 0.0000 0.4270
vn -2.4880 0.0000 0.5113
vn -2.4693 0.0000 0.5950
vn -2.4478 0.0000 0.6781
vn -2.4235 0.0000 0.7604
vn -2.3964 0.0000 0.8418
vn -2.3667 0.0000 0.9223
vn -2.3342 0.0000 1.0017
vn -2.2990 0.0000 1.0799
vn -2.2612 0.0000 1.1570
vn -2.2208 0.0000 1.2327
vn -2.1779 0.0000 1.3070
vn -2.1326 0.0000 1.3798
vn -2.0847 0.0000 1.4510
vn -2.0345 0.0000 1.5206
vn -1.9820 0.0000 1.5885
vn -1.9272 0.0000 1.6545
vn -1.8703 0.0000 1.7186
vn -1.8112 0.0000 1.7808
vn -1.7500 0.0000 1.8410
vn -1.6868 0.0000 1.8990
vn -1.6217 0.0000 1.9549
vn -1.5547 0.0000 2.0086
vn -1.4860 0.0000 2.0599
vn -1.4156 0.0000 2.1089
vn -1.3436 0.0000 2.1556
vn -1.2700 0.0000 2.1997
vn -1.1950 0.0000 2.2413
vn -1.1186 0.0000 2.2804
vn -1.0409 0.0000 2.3169
vn -0.9621 0.0000 2.3507
vn -0.8822 0.0000 2.3819
vn -0.8012 0.0000 2.4103
vn -0.7193 0.0000 2.4360
vn -0.6367 0.0000 2.4589
vn -0.5532 0.0000 2.4790
vn -0.4692 0.0000 2.4963
vn -0.3846 0.0000 2.5107
vn -0.2996 0.0000 2.5223
vn -0.2143 0.0000 2.5309
vn -0.1286 0.0000 2.5367
vn -0.0429 0.0000 2.5396
vn 0.0429 0.0000 2.5396
vn 0.1286 0.0000 2.5367
vn 0.2143 0.0000 2.5309
vn 0.2996 0.0000 2.5223
vn 0.3846 0.0000 2.5107
vn 0.4692 0.0000 2.4963
vn 0.5532 0.0000 2.4790
vn 0.6367 0.0000 2.4589
vn 0.7193 0.0000 2.4360
vn 0.8012 0.0000 2.4103
vn 0.8822 0.0000 2.3819
vn 0.9621 0.0000 2.3507
vn 1.0409 0.0000 2.3169
vn 1.1186 0.0000 2.2804
vn 1.1950 0.0000 2.2413
vn 1.2700 0.0000 2.1997
vn 1.3436 0.0000 2.1556
vn 1.4156 0.0000 2.1089
vn 1.4860 0.0000 2.0599
vn 1.5547 0.0000 2.0086
vn 1.6217 0.0000 1.9549
vn 1.6868 0.0000 1.8990
vn 1.7500 0.0000 1.8410
vn 1.8112 0.0000 1.7808
vn 1.8703 0.0000 1.7186
vn 1.9272 0.0000 1.6545
vn 1.9820 0.0000 1.5885
vn 2.0345 0.0000 1.5206
vn 2.0847 0.0000 1.4510
vn 2.1326 0.0000 1.3798
vn 2.1779 0.0000 1.3070
vn 2.2208 0.0000 1.2327
vn 2.2612 0.0000 1.1570
vn 2.2990 0.0000 1.0799
vn 2.3342 0.0000 1.0017
vn 2.3667 0.0000 0.9223
vn 2.3964 0.0000 0.8418
vn 2.4235 0.0000 0.7604
vn 2.4478 0.0000 0.6781
vn 2.4693 0.0000 0.5950
vn 2.4880 0.0000 0.5113
vn 2.5039 0.0000 0.4270
vn 2.5168 0.0000 0.3422
vn 2.5270 0.0000 0.2570
vn 2.5342 0.0000 0.1715
vn 2.5386 0.0000 0.0858
vn 2.5400 0.0000 0.0000
vn 0.0000 0.0000 2.5400
vn 2.5400 0.0000 -0.0000
vn 0.0000 0.0000 -2.5400
vn 0.0849 0.0000 -2.5386
vn 0.1697 0.0000 -2.5343
vn 0.2542 0.0000 -2.5272
vn 0.3385 0.0000 -2.5173
vn 0.4225 0.0000 -2.5046
vn 0.5059 0.0000 -2.4891
vn 0.5888 0.0000 -2.4708
vn 0.6711 0.0000 -2.4498
vn 0.7525 0.0000 -2.4260
vn 0.8332 0.0000 -2.3995
vn 0.9129 0.0000 -2.3703
vn 0.9916 0.0000 -2.3385
vn 1.0692 0.0000 -2.3040
vn 1.1456 0.0000 -2.2670
vn 1.2207 0.0000 -2.2275
vn 1.2944 0.0000 -2.1854
vn 1.3667 0.0000 -2.1409
vn 1.4375 0.0000 -2.0941
vn 1.5067 0.0000 -2.0449
vn 1.5742 0.0000 -1.9934
vn 1.6399 0.0000 -1.9397
vn 1.7038 0.0000 -1.8838
vn 1.7658 0.0000 -1.8258
vn 1.8258 0.0000 -1.7658
vn 1.8838 0.0000 -1.7038
vn 1.9397 0.0000 -1.6399
vn 1.9934 0.0000 -1.5742
vn 2.0449 0.0000 -1.5067
vn 2.0941 0.0000 -1.4375
vn 2.1409 0.0000 -1.3667
vn 2.1854 0.0000 -1.2944
vn 2.2275 0.0000 -1.2207
vn 2.2670 0.0000 -1.1456
vn 2.3040 0.0000 -1.0692
vn 2.3385 0.0000 -0.9916
vn 2.3703 0.0000 -0.9129
vn 2.3995 0.0000 -0.8332
vn 2.4260 0.0000 -0.7525
vn 2.4498 0.0000 -0.6711
vn 2.4708 0.0000 -0.5888
vn 2.4891 0.0000 -0.5059
vn 2.5046 0.0000 -0.4225
vn 2.5173 0.0000 -0.3385
vn 2.5272 0.0000 -0.2542
vn 2.5343 0.0000 -0.1697
vn 2.5386 0.0000 -0.0849
vn -2.5400 -0.0000 -0.0000
vn -2.5386 -0.0000 -0.0849
vn -2.5343 -0.0000 -0.1697
vn -2.5272 -0.0000 -0.2542
vn -2.5173 -0.0000 -0.3385
vn -2.5046 -0.0000 -0.4225
vn -2.4891 -0.0000 -0.5059
vn -2.4708 -0.0000 -0.5888
vn -2.4498 -0.0000 -0.6711
vn -2.4260 -0.0000 -0.7525
vn -2.3995 -0.0000 -0.8332
vn -2.3703 -0.0000 -0.9129
vn -2.3385 -0.0000 -0.9916
vn -2.3040 -0.0000 -1.0692
vn -2.2670 -0.0000 -1.1456
vn -2.2275 -0.0000 -1.2207
vn -2.1854 -0.0000 -1.2944
vn -2.1409 -0.0000 -1.3667
vn -2.0941 -0.0000 -1.4375
vn -2.0449 -0.0000 -1.5067
vn -1.9934 -0.0000 -1.5742
vn -1.9397 -0.0000 -1.6399
vn -1.8838 -0.0000 -1.7038
vn -1.8258 -0.0000 -1.7658
vn -1.7658 -0.0000 -1.8258
vn -1.7038 -0.0000 -1.8838
vn -1.6399 -0.0000 -1.9397
vn -1.5742 -0.0000 -1.9934
vn -1.5067 -0.0000 -2.0449
vn -1.4375 -0.0000 -2.0941
vn -1.3667 -0.0000 -2.1409
vn -1.2944 -0.0000 -2.1854
vn -1.2207 -0.0000 -2.2275
vn -1.1456 -0.0000 -2.2670
vn -1.0692 -0.0000 -2.3040
vn -0.9916 -0.0000 -2.3385
vn -0.9129 -0.0000 -2.3703
vn -0.8332 -0.0000 -2.3995
vn -0.7525 -0.0000 -2.4260
vn -0.6711 -0.0000 -2.4498
vn -0.5888 -0.0000 -2.4708
vn -0.5059 -0.0000 -2.4891
vn -0.4225 -0.0000 -2.5046
vn -0.3385 -0.0000 -2.5173
vn -0.2542 -0.0000 -2.5272
vn -0.1697 -0.0000 -2.5343
vn -0.0849 -0.0000 -2.5386
vn 0.0849 0.0000 2.5386
vn 0.1697 0.0000 2.5343
vn 0.2542 0.0000 2.5272
vn 0.3385 0.0000 2.5173
vn 0.4225 0.0000 2.5046
vn 0.5059 0.0000 2.4891
vn 0.5888 0.0000 2.4708
vn 0.6711 0.0000 2.4498
vn 0.7525 0.0000 2.4260
vn 0.8332 0.0000 2.3995
vn 0.9129 0.0000 2.3703
vn 0.9916 0.0000 2.3385
vn 1.0692 0.0000 2.3040
vn 1.1456 0.0000 2.2670
vn 1.2207 0.0000 2.2275
vn 1.2944 0.0000 2.1854
vn 1.3667 0.0000 2.1409
vn 1.4375 0.0000 2.0941
vn 1.5067 0.0000 2.0449
vn 1.5742 0.0000 1.9934
vn 1.6399 0.0000 1.9397
vn 1.7038 0.0000 1.8838
vn 1.7658 0.0000 1.8258
vn 1.8258 0.0000 1.7658
vn 1.8838 0.0000 1.7038
vn 1.9397 0.0000 1.6399
vn 1.9934 0.0000 1.5742
vn 2.0449 0.0000 1.5067
vn 2.0941 0.0000 1.4375
vn 2.1409 0.0000 1.3667
vn 2.1854 0.0000 1.2944
vn 2.2275 0.0000 1.2207
vn 2.2670 0.0000 1.1456
vn 2.3040 0.0000 1.0692
vn 2.3385 0.0000 0.9916
vn 2.3703 0.0000 0.9129
vn 2.3995 0.0000 0.8332
vn 2.4260 0.0000 0.7525
vn 2.4498 0.0000 0.6711
vn 2.4708 0.0000 0.5888
vn 2.4891 0.0000 0.5059
vn 2.5046 0.0000 0.4225
vn 2.5173 0.0000 0.3385
vn 2.5272 0.0000 0.2542
vn 2.5343 0.0000 0.1697
vn 2.5386 0.0000 0.0849
vn -2.5386 0.0000 0.0849
vn -2.5343 0.0000 0.1697
vn -2.5272 0.0000 0.2542
vn -2.5173 0.0000 0.3385
vn -2.5046 0.0000 0.4225
vn -2.4891 0.0000 0.5059
vn -2.4708 0.0000 0.5888
vn -2.4498 0.0000 0.6711
vn -2.4260 0.0000 0.7525
vn -2.3995 0.0000 0.8332
vn -2.3703 0.0000 0.9129
vn -2.3385 0.0000 0.9916
vn -2.3040 0.0000 1.0692
vn -2.2670 0.0000 1.1456
vn -2.2275 0.0000 1.2207
vn -2.1854 0.0000 1.2944
vn -2.1409 0.0000 1.3667
vn -2.0941 0.0000 1.4375
vn -2.0449 0.0000 1.5067
vn -1.9934 0.0000 1.5742
vn -1.9397 0.0000 1.6399
vn -1.8838 0.0000 1.7038
vn -1.8258 0.0000 1.7658
vn -1.7658 0.0000 1.8258
vn -1.7038 0.0000 1.8838
vn -1.6399 0.0000 1.9397
vn -1.5742 0.0000 1.9934
vn -1.5067 0.0000 2.0449
vn -1.4375 0.0000 2.0941
vn -1.3667 0.0000 2.1409
vn -1.2944 0.0000 2.1854
vn -1.2207 0.0000 2.2275
vn -1.1456 0.0000 2.2670
vn -1.0692 0.0000 2.3040
vn -0.9916 0.0000 2.3385
vn -0.9129 0.0000 2.3703
vn -0.8332 0.0000 2.3995
vn -0.7525 0.0000 2.4260
vn -0.6711 0.0000 2.4498
vn -0.5888 0.0000 2.4708
vn -0.5059 0.0000 2.4891
vn -0.4225 0.0000 2.5046
vn -0.3385 0.0000 2.5173
vn -0.2542 0.0000 2.5272
vn -0.1697 0.0000 2.5343
vn -0.0849 0.0000 2.5386
vn 0.0000 2.5400 -0.0000
vn 0.0000 -2.5400 -0.0000
# 284 vertex normals

vt 0.0000 0.0000 0.0000
vt 0.0000 -0.0025 0.0000
vt 15.0000 0.0000 0.0000
vt 15.0000 -0.0025 0.0000
vt 0.0000 -0.0051 0.0000
vt 15.0000 -0.0051 0.0000
vt 0.0000 -0.0076 0.0000
vt 15.0000 -0.0076 0.0000
vt 0.0000 -0.0101 0.0000
vt 15.0000 -0.0101 0.0000
vt 0.0000 -0.0127 0.0000
vt 15.0000 -0.0127 0.0000
vt 0.0000 -0.0152 0.0000
vt 15.0000 -0.0152 0.0000
vt 0.0000 -0.0177 0.0000
vt 15.0000 -0.0177 0.0000
vt 0.0000 -0.0203 0.0000
vt 15.0000 -0.0203 0.0000
vt 0.0000 -0.0228 0.0000
vt 15.0000 -0.0228 0.0000
vt 0.0000 -0.0253 0.0000
vt 15.0000 -0.0253 0.0000
vt 0.0000 -0.0279 0.0000
vt 15.0000 -0.0279 0.0000
vt 0.0000 -0.0304 0.0000
vt 15.0000 -0.0304 0.0000
vt 0.0000 -0.0329 0.0000
vt 15.0000 -0.0329 0.0000
vt 0.0000 -0.0355 0.0000
vt 15.0000 -0.0355 0.0000
vt 0.0000 -0.0380 0.0000
vt 15.0000 -0.0380 0.0000
vt 0.0000 -0.0405 0.0000
vt 15.0000 -0.0405 0.0000
vt 0.0000 -0.0431 0.0000
vt 15.0000 -0.0431 0.0000
vt 0.0000 -0.0456 0.0000
vt 15.0000 -0.0456 0.0000
vt 0.0000 -0.0481 0.0000
vt 15.0000 -0.0481 0.0000
vt 0.0000 -0.0507 0.0000
vt 15.0000 -0.0507 0.0000
vt 0.0000 -0.0532 0.0000
vt 15.0000 -0.0532 0.0000
vt 0.0000 -0.0557 0.0000
vt 15.0000 -0.0557 0.0000
vt 0.0000 -0.0583 0.0000
vt 15.0000 -0.0583 0.0000
vt 0.0000 -0.0608 0.0000
vt 15.0000 -0.0608 0.0000
vt 0.0000 -0.0633 0.0000
vt 15.0000 -0.0633 0.0000
vt 0.0000 -0.0659 0.0000
vt 15.0000 -0.0659 0.0000
vt 0.0000 -0.0684 0.0000
vt 15.0000 -0.0684 0.0000
vt 0.0000 -0.0709 0.0000
vt 15.0000 -0.0709 0.0000
vt 0.0000 -0.0735 0.0000
vt 15.0000 -0.0735 0.0000
vt 0.0000 -0.0760 0.0000
vt 15.0000 -0.0760 0.0000
vt 0.0000 -0.0785 0.0000
vt 15.0000 -0.0785 0.0000
vt 0.0000 -0.0811 0.0000
vt 15.0000 -0.0811 0.0000
vt 0.0000 -0.0836 0.0000
vt 15.0000 -0.0836 0.0000
vt 0.0000 -0.0861 0.0000
vt 15.0000 -0.0861 0.0000
vt 0.0000 -0.0887 0.0000
vt 15.0000 -0.0887 0.0000
vt 0.0000 -0.0912 0.0000
vt 15.0000 -0.0912 0.0000
vt 0.0000 -0.0937 0.0000
vt 15.0000 -0.0937 0.0000
vt 0.0000 -0.0963 0.0000
vt 15.0000 -0.0963 0.0000
vt 0.0000 -0.0988 0.0000
vt 15.0000 -0.0988 0.0000
vt 0.0000 -0.1013 0.0000
vt 15.0000 -0.1013 0.0000
vt 0.0000 -0.1039 0.0000
vt 15.0000 -0.1039 0.0000
vt 0.0000 -0.1064 0.0000
vt 15.0000 -0.1064 0.0000
vt 0.0000 -0.1089 0.0000
vt 15.0000 -0.1089 0.0000
vt 0.0000 -0.1115 0.0000
vt 15.0000 -0.1115 0.0000
vt 0.0000 -0.1140 0.0000
vt 15.0000 -0.1140 0.0000
vt 0.0000 -0.1165 0.0000
vt 15.0000 -0.1165 0.0000
vt 0.0000 -0.1191 0.0000
vt 15.0000 -0.1191 0.0000
vt 0.0000 -0.1216 0.0000
vt 15.0000 -0.1216 0.0000
vt 0.0000 -0.1241 0.0000
vt 15.0000 -0.1241 0.0000
vt 0.0000 -0.1267 0.0000
vt 15.0000 -0.1267 0.0000
vt 0.0000 -0.1292 0.0000
vt 15.0000 -0.1292 0.0000
vt 0.0000 -0.1317 0.0000
vt 15.0000 -0.1317 0.0000
vt 0.0000 -0.1343 0.0000
vt 15.0000 -0.1343 0.0000
vt 0.0000 -0.1368 0.0000
vt 15.0000 -0.1368 0.0000
vt 0.0000 -0.1393 0.0000
vt 15.0000 -0.1393 0.0000
vt 0.0000 -0.1419 0.0000
vt 15.0000 -0.1419 0.0000
vt 0.0000 -0.1444 0.0000
vt 15.0000 -0.1444 0.0000
vt 0.0000 -0.1469 0.0000
vt 15.0000 -0.1469 0.0000
vt 0.0000 -0.1495 0.0000
vt 15.0000 -0.1495 0.0000
vt 0.0000 -0.1520 0.0000
vt 15.0000 -0.1520 0.0000
vt 0.0000 -0.1545 0.0000
vt 15.0000 -0.1545 0.0000
vt 0.0000 -0.1571 0.0000
vt 15.0000 -0.1571 0.0000
vt 0.0000 -0.1596 0.0000
vt 15.0000 -0.1596 0.0000
vt 0.0000 -0.1621 0.0000
vt 15.0000 -0.1621 0.0000
vt 0.0000 -0.1647 0.0000
vt 15.0000 -0.1647 0.0000
vt 0.0000 -0.1672 0.0000
vt 15.0000 -0.1672 0.0000
vt 0.0000 -0.1697 0.0000
vt 15.0000 -0.1697 0.0000
vt 0.0000 -0.1723 0.0000
vt 15.0000 -0.1723 0.0000
vt 0.0000 -0.1748 0.0000
vt 15.0000 -0.1748 0.0000
vt 0.0000 -0.1773 0.0000
vt 15.0000 -0.1773 0.0000
vt 0.0000 -0.1799 0.0000
vt 15.0000 -0.1799 0.0000
vt 0.0000 -0.1824 0.0000
vt 15.0000 -0.1824 0.0000
vt 0.0000 -0.1849 0.0000
vt 15.0000 -0.1849 0.0000
vt 0.0000 -0.1875 0.0000
vt 15.0000 -0.1875 0.0000
vt 0.0000 -0.1900 0.0000
vt 15.0000 -0.1900 0.0000
vt 0.0000 -0.1925 0.0000
vt 15.0000 -0.1925 0.0000
vt 0.0000 -0.1951 0.0000
vt 15.0000 -0.1951 0.0000
vt 0.0000 -0.1976 0.0000
vt 15.0000 -0.1976 0.0000
vt 0.0000 -0.2001 0.0000
vt 15.0000 -0.2001 0.0000
vt 0.0000 -0.2027 0.0000
vt 15.0000 -0.2027 0.0000
vt 0.0000 -0.2052 0.0000
vt 15.0000 -0.2052 0.0000
vt 0.0000 -0.2078 0.0000
vt 15.0000 -0.2078 0.0000
vt 0.0000 -0.2103 0.0000
vt 15.0000 -0.2103 0.0000
vt 0.0000 -0.2128 0.0000
vt 15.0000 -0.2128 0.0000
vt 0.0000 -0.2154 0.0000
vt 15.0000 -0.2154 0.0000
vt 0.0000 -0.2179 0.0000
vt 15.0000 -0.2179 0.0000
vt 0.0000 -0.2204 0.0000
vt 15.0000 -0.2204 0.0000
vt 0.0000 -0.2230 0.0000
vt 15.0000 -0.2230 0.0000
vt 0.0000 -0.2255 0.0000
vt 15.0000 -0.2255 0.0000
vt 0.0000 -0.2280 0.0000
vt 15.0000 -0.2280 0.0000
vt 0.0000 -0.2306 0.0000
vt 15.0000 -0.2306 0.0000
vt 15.0000 -0.2331 0.0000
vt 0.0000 -0.2331 0.0000
vt 15.0000 -0.2356 0.0000
vt 0.0000 -0.2356 0.0000
vt 0.0000 -0.0000 0.0000
vt 0.3250 0.0000 0.0000
vt 0.0000 15.0000 0.0000
vt 0.3250 15.0000 0.0000
vt 1.3750 0.0000 0.0000
vt 1.3750 15.0000 0.0000
vt -0.0000 -0.0393 0.0000
vt -0.0000 -0.0384 0.0000
vt -15.0000 -0.0393 0.0000
vt -15.0000 -0.0384 0.0000
vt -0.0000 -0.0376 0.0000
vt -15.0000 -0.0376 0.0000
vt -0.0000 -0.0368 0.0000
vt -15.0000 -0.0368 0.0000
vt -0.0000 -0.0359 0.0000
vt -15.0000 -0.0359 0.0000
vt -0.0000 -0.0351 0.0000
vt -15.0000 -0.0351 0.0000
vt -0.0000 -0.0343 0.0000
vt -15.0000 -0.0343 0.0000
vt -0.0000 -0.0334 0.0000
vt -15.0000 -0.0334 0.0000
vt -0.0000 -0.0326 0.0000
vt -15.0000 -0.0326 0.0000
vt -0.0000 -0.0318 0.0000
vt -15.0000 -0.0318 0.0000
vt -0.0000 -0.0309 0.0000
vt -15.0000 -0.0309 0.0000
vt -0.0000 -0.0301 0.0000
vt -15.0000 -0.0301 0.0000
vt -0.0000 -0.0292 0.0000
vt -15.0000 -0.0292 0.0000
vt -0.0000 -0.0284 0.0000
vt -15.0000 -0.0284 0.0000
vt -0.0000 -0.0276 0.0000
vt -15.0000 -0.0276 0.0000
vt -0.0000 -0.0267 0.0000
vt -15.0000 -0.0267 0.0000
vt -15.0000 -0.0259 0.0000
vt -0.0000 -0.0259 0.0000
vt -15.0000 -0.0251 0.0000
vt -0.0000 -0.0251 0.0000
vt -0.0000 -0.0242 0.0000
vt -15.0000 -0.0242 0.0000
vt -0.0000 -0.0234 0.0000
vt -15.0000 -0.0234 0.0000
vt -0.0000 -0.0226 0.0000
vt -15.0000 -0.0226 0.0000
vt -0.0000 -0.0217 0.0000
vt -15.0000 -0.0217 0.0000
vt -0.0000 -0.0209 0.0000
vt -15.0000 -0.0209 0.0000
vt -0.0000 -0.0201 0.0000
vt -15.0000 -0.0201 0.0000
vt -0.0000 -0.0192 0.0000
vt -15.0000 -0.0192 0.0000
vt -0.0000 -0.0184 0.0000
vt -15.0000 -0.0184 0.0000
vt -0.0000 -0.0175 0.0000
vt -15.0000 -0.0175 0.0000
vt -0.0000 -0.0167 0.0000
vt -15.0000 -0.0167 0.0000
vt -0.0000 -0.0159 0.0000
vt -15.0000 -0.0159 0.0000
vt -0.0000 -0.0150 0.0000
vt -15.0000 -0.0150 0.0000
vt -0.0000 -0.0142 0.0000
vt -15.0000 -0.0142 0.0000
vt -0.0000 -0.0134 0.0000
vt -15.0000 -0.0134 0.0000
vt -0.0000 -0.0125 0.0000
vt -15.0000 -0.0125 0.0000
vt -0.0000 -0.0117 0.0000
vt -15.0000 -0.0117 0.0000
vt -0.0000 -0.0109 0.0000
vt -15.0000 -0.0109 0.0000
vt -0.0000 -0.0100 0.0000
vt -15.0000 -0.0100 0.0000
vt -0.0000 -0.0092 0.0000
vt -15.0000 -0.0092 0.0000
vt -0.0000 -0.0084 0.0000
vt -15.0000 -0.0084 0.0000
vt -0.0000 -0.0075 0.0000
vt -15.0000 -0.0075 0.0000
vt -0.0000 -0.0067 0.0000
vt -15.0000 -0.0067 0.0000
vt -0.0000 -0.0058 0.0000
vt -15.0000 -0.0058 0.0000
vt -0.0000 -0.0050 0.0000
vt -15.0000 -0.0050 0.0000
vt -0.0000 -0.0042 0.0000
vt -15.0000 -0.0042 0.0000
vt -0.0000 -0.0033 0.0000
vt -15.0000 -0.0033 0.0000
vt -0.0000 -0.0025 0.0000
vt -15.0000 -0.0025 0.0000
vt -0.0000 -0.0017 0.0000
vt -15.0000 -0.0017 0.0000
vt -0.0000 -0.0008 0.0000
vt -15.0000 -0.0008 0.0000
vt -0.0000 0.0000 0.0000
vt -15.0000 0.0000 0.0000
vt 7.8500 0.0000 0.0000
vt 7.8500 15.0000 0.0000
vt 0.9750 0.0000 0.0000
vt 0.9750 15.0000 0.0000
vt 0.0000 -0.0008 0.0000
vt 15.0000 -0.0008 0.0000
vt 0.0000 -0.0017 0.0000
vt 15.0000 -0.0017 0.0000
vt 0.0000 -0.0033 0.0000
vt 15.0000 -0.0033 0.0000
vt 0.0000 -0.0042 0.0000
vt 15.0000 -0.0042 0.0000
vt 0.0000 -0.0050 0.0000
vt 15.0000 -0.0050 0.0000
vt 0.0000 -0.0058 0.0000
vt 15.0000 -0.0058 0.0000
vt 0.0000 -0.0067 0.0000
vt 15.0000 -0.0067 0.0000
vt 0.0000 -0.0075 0.0000
vt 15.0000 -0.0075 0.0000
vt 0.0000 -0.0084 0.0000
vt 15.0000 -0.0084 0.0000
vt 0.0000 -0.0092 0.0000
vt 15.0000 -0.0092 0.0000
vt 0.0000 -0.0100 0.0000
vt 15.0000 -0.0100 0.0000
vt 0.0000 -0.0109 0.0000
vt 15.0000 -0.0109 0.0000
vt 0.0000 -0.0117 0.0000
vt 15.0000 -0.0117 0.0000
vt 0.0000 -0.0125 0.0000
vt 15.0000 -0.0125 0.0000
vt 0.0000 -0.0134 0.0000
vt 15.0000 -0.0134 0.0000
vt 0.0000 -0.0142 0.0000
vt 15.0000 -0.0142 0.0000
vt 0.0000 -0.0150 0.0000
vt 15.0000 -0.0150 0.0000
vt 0.0000 -0.0159 0.0000
vt 15.0000 -0.0159 0.0000
vt 0.0000 -0.0167 0.0000
vt 15.0000 -0.0167 0.0000
vt 0.0000 -0.0175 0.0000
vt 15.0000 -0.0175 0.0000
vt 0.0000 -0.0184 0.0000
vt 15.0000 -0.0184 0.0000
vt 0.0000 -0.0192 0.0000
vt 15.0000 -0.0192 0.0000
vt 0.0000 -0.0201 0.0000
vt 15.0000 -0.0201 0.0000
vt 0.0000 -0.0209 0.0000
vt 15.0000 -0.0209 0.0000
vt 0.0000 -0.0217 0.0000
vt 15.0000 -0.0217 0.0000
vt 0.0000 -0.0226 0.0000
vt 15.0000 -0.0226 0.0000
vt 0.0000 -0.0234 0.0000
vt 15.0000 -0.0234 0.0000
vt 0.0000 -0.0242 0.0000
vt 15.0000 -0.0242 0.0000
vt 0.0000 -0.0251 0.0000
vt 15.0000 -0.0251 0.0000
vt 15.0000 -0.0259 0.0000
vt 0.0000 -0.0259 0.0000
vt 15.0000 -0.0267 0.0000
vt 0.0000 -0.0267 0.0000
vt 0.0000 -0.0276 0.0000
vt 15.0000 -0.0276 0.0000
vt 0.0000 -0.0284 0.0000
vt 15.0000 -0.0284 0.0000
vt 0.0000 -0.0292 0.0000
vt 15.0000 -0.0292 0.0000
vt 0.0000 -0.0301 0.0000
vt 15.0000 -0.0301 0.0000
vt 0.0000 -0.0309 0.0000
vt 15.0000 -0.0309 0.0000
vt 0.0000 -0.0318 0.0000
vt 15.0000 -0.0318 0.0000
vt 0.0000 -0.0326 0.0000
vt 15.0000 -0.0326 0.0000
vt 0.0000 -0.0334 0.0000
vt 15.0000 -0.0334 0.0000
vt 0.0000 -0.0343 0.0000
vt 15.0000 -0.0343 0.0000
vt 0.0000 -0.0351 0.0000
vt 15.0000 -0.0351 0.0000
vt 0.0000 -0.0359 0.0000
vt 15.0000 -0.0359 0.0000
vt 0.0000 -0.0368 0.0000
vt 15.0000 -0.0368 0.0000
vt 0.0000 -0.0376 0.0000
vt 15.0000 -0.0376 0.0000
vt 0.0000 -0.0384 0.0000
vt 15.0000 -0.0384 0.0000
vt 0.0000 -0.0393 0.0000
vt 15.0000 -0.0393 0.0000
vt 6.2500 -0.0000 0.0000
vt -0.0000 15.0000 0.0000
vt 6.2500 15.0000 0.0000
vt 3.4750 -0.7000 0.0000
vt 3.4750 -0.6975 0.0000
vt 3.1500 -0.7000 0.0000
vt 3.4752 -0.6949 0.0000
vt 3.4754 -0.6924 0.0000
vt 3.4757 -0.6899 0.0000
vt 3.4761 -0.6874 0.0000
vt 3.4765 -0.6849 0.0000
vt 3.4771 -0.6824 0.0000
vt 3.4777 -0.6800 0.0000
vt 3.4784 -0.6775 0.0000
vt 3.4792 -0.6751 0.0000
vt 3.4801 -0.6728 0.0000
vt 3.4811 -0.6704 0.0000
vt 3.4821 -0.6681 0.0000
vt 3.4832 -0.6658 0.0000
vt 3.4844 -0.6636 0.0000
vt 3.4857 -0.6614 0.0000
vt 3.4870 -0.6593 0.0000
vt 3.4884 -0.6572 0.0000
vt 3.4899 -0.6551 0.0000
vt 3.4915 -0.6531 0.0000
vt 3.4931 -0.6511 0.0000
vt 3.4948 -0.6493 0.0000
vt 3.4965 -0.6474 0.0000
vt 3.4983 -0.6456 0.0000
vt 3.5002 -0.6439 0.0000
vt 3.5021 -0.6423 0.0000
vt 3.5041 -0.6407 0.0000
vt 3.5061 -0.6392 0.0000
vt 3.5082 -0.6377 0.0000
vt 3.5103 -0.6364 0.0000
vt 3.5125 -0.6350 0.0000
vt 3.5147 -0.6338 0.0000
vt 3.5170 -0.6327 0.0000
vt 3.5193 -0.6316 0.0000
vt 3.5216 -0.6306 0.0000
vt 3.5240 -0.6297 0.0000
vt 3.5263 -0.6288 0.0000
vt 3.5288 -0.6281 0.0000
vt 3.5312 -0.6274 0.0000
vt 3.5337 -0.6268 0.0000
vt 3.1500 0.2750 0.0000
vt 3.5361 -0.6263 0.0000
vt 3.5386 -0.6259 0.0000
vt 3.5412 -0.6255 0.0000
vt 3.5437 -0.6253 0.0000
vt 3.5462 -0.6251 0.0000
vt 3.5487 -0.6250 0.0000
vt 3.5513 -0.6250 0.0000
vt 3.5538 -0.6251 0.0000
vt 3.5563 -0.6253 0.0000
vt 3.5588 -0.6255 0.0000
vt 3.5614 -0.6259 0.0000
vt 3.5639 -0.6263 0.0000
vt 3.5663 -0.6268 0.0000
vt 3.9500 -0.7000 0.0000
vt 3.5688 -0.6274 0.0000
vt 3.5712 -0.6281 0.0000
vt 3.5737 -0.6288 0.0000
vt 3.5760 -0.6297 0.0000
vt 3.5784 -0.6306 0.0000
vt 3.5807 -0.6316 0.0000
vt 3.5830 -0.6327 0.0000
vt 3.5853 -0.6338 0.0000
vt 3.5875 -0.6350 0.0000
vt 3.5897 -0.6364 0.0000
vt 3.5918 -0.6377 0.0000
vt 3.5939 -0.6392 0.0000
vt 3.5959 -0.6407 0.0000
vt 3.5979 -0.6423 0.0000
vt 3.5998 -0.6439 0.0000
vt 3.6017 -0.6456 0.0000
vt 3.6035 -0.6474 0.0000
vt 3.6052 -0.6493 0.0000
vt 3.6069 -0.6511 0.0000
vt 3.6085 -0.6531 0.0000
vt 3.6101 -0.6551 0.0000
vt 3.6116 -0.6572 0.0000
vt 3.6130 -0.6593 0.0000
vt 3.6143 -0.6614 0.0000
vt 3.6156 -0.6636 0.0000
vt 3.6168 -0.6658 0.0000
vt 3.6179 -0.6681 0.0000
vt 3.6189 -0.6704 0.0000
vt 3.6199 -0.6728 0.0000
vt 3.6208 -0.6751 0.0000
vt 3.6216 -0.6775 0.0000
vt 3.6223 -0.6800 0.0000
vt 3.6229 -0.6824 0.0000
vt 3.6235 -0.6849 0.0000
vt 3.6239 -0.6874 0.0000
vt 3.6243 -0.6899 0.0000
vt 3.6246 -0.6924 0.0000
vt 3.6248 -0.6949 0.0000
vt 3.6250 -0.6975 0.0000
vt 3.6250 -0.7000 0.0000
vt 3.9500 0.6750 0.0000
vt 3.1500 0.2758 0.0000
vt 3.1499 0.2767 0.0000
vt 3.1499 0.2775 0.0000
vt 3.1498 0.2783 0.0000
vt 3.1497 0.2792 0.0000
vt 3.1495 0.2800 0.0000
vt 3.1493 0.2808 0.0000
vt 3.1491 0.2816 0.0000
vt 3.1489 0.2824 0.0000
vt 3.1486 0.2832 0.0000
vt 3.1483 0.2840 0.0000
vt 3.1480 0.2848 0.0000
vt 3.1477 0.2855 0.0000
vt 3.1473 0.2863 0.0000
vt 3.1469 0.2870 0.0000
vt 3.1465 0.2877 0.0000
vt 3.1461 0.2885 0.0000
vt 3.1456 0.2891 0.0000
vt 3.1451 0.2898 0.0000
vt 3.1446 0.2905 0.0000
vt 3.1441 0.2911 0.0000
vt 3.1435 0.2918 0.0000
vt 3.1430 0.2924 0.0000
vt 3.1424 0.2930 0.0000
vt 3.1418 0.2935 0.0000
vt 3.1411 0.2941 0.0000
vt 3.1405 0.2946 0.0000
vt 3.1398 0.2951 0.0000
vt 3.1391 0.2956 0.0000
vt 3.1385 0.2961 0.0000
vt 3.1377 0.2965 0.0000
vt 3.1370 0.2969 0.0000
vt 3.1363 0.2973 0.0000
vt 3.1355 0.2977 0.0000
vt 3.1348 0.2980 0.0000
vt 3.1340 0.2983 0.0000
vt 3.1332 0.2986 0.0000
vt 3.1324 0.2989 0.0000
vt 3.1316 0.2991 0.0000
vt 3.1308 0.2993 0.0000
vt 3.1300 0.2995 0.0000
vt 3.1292 0.2997 0.0000
vt 3.1283 0.2998 0.0000
vt 3.1275 0.2999 0.0000
vt 3.1267 0.2999 0.0000
vt 3.1258 0.3000 0.0000
vt 3.1250 0.3000 0.0000
vt 3.9250 0.7000 0.0000
vt -3.9250 0.7000 0.0000
vt 3.9500 0.6758 0.0000
vt 3.9499 0.6767 0.0000
vt 3.9499 0.6775 0.0000
vt 3.9498 0.6783 0.0000
vt 3.9497 0.6792 0.0000
vt 3.9495 0.6800 0.0000
vt 3.9493 0.6808 0.0000
vt 3.9491 0.6816 0.0000
vt 3.9489 0.6824 0.0000
vt 3.9486 0.6832 0.0000
vt 3.9483 0.6840 0.0000
vt 3.9480 0.6848 0.0000
vt 3.9477 0.6855 0.0000
vt 3.9473 0.6863 0.0000
vt 3.9469 0.6870 0.0000
vt 3.9465 0.6877 0.0000
vt 3.9461 0.6885 0.0000
vt 3.9456 0.6891 0.0000
vt 3.9451 0.6898 0.0000
vt 3.9446 0.6905 0.0000
vt 3.9441 0.6911 0.0000
vt 3.9435 0.6918 0.0000
vt 3.9430 0.6924 0.0000
vt 3.9424 0.6930 0.0000
vt 3.9418 0.6935 0.0000
vt 3.9411 0.6941 0.0000
vt 3.9405 0.6946 0.0000
vt 3.9398 0.6951 0.0000
vt 3.9391 0.6956 0.0000
vt 3.9385 0.6961 0.0000
vt 3.9377 0.6965 0.0000
vt 3.9370 0.6969 0.0000
vt 3.9363 0.6973 0.0000
vt 3.9355 0.6977 0.0000
vt 3.9348 0.6980 0.0000
vt 3.9340 0.6983 0.0000
vt 3.9332 0.6986 0.0000
vt 3.9324 0.6989 0.0000
vt 3.9316 0.6991 0.0000
vt 3.9308 0.6993 0.0000
vt 3.9300 0.6995 0.0000
vt 3.9292 0.6997 0.0000
vt 3.9283 0.6998 0.0000
vt 3.9275 0.6999 0.0000
vt 3.9267 0.6999 0.0000
vt 3.9258 0.7000 0.0000
vt -3.9258 0.7000 0.0000
vt -3.9267 0.6999 0.0000
vt -3.9275 0.6999 0.0000
vt -3.9283 0.6998 0.0000
vt -3.9292 0.6997 0.0000
vt -3.9300 0.6995 0.0000
vt -3.9308 0.6993 0.0000
vt -3.9316 0.6991 0.0000
vt -3.9324 0.6989 0.0000
vt -3.9332 0.6986 0.0000
vt -3.9340 0.6983 0.0000
vt -3.9348 0.6980 0.0000
vt -3.9355 0.6977 0.0000
vt -3.9363 0.6973 0.0000
vt -3.9370 0.6969 0.0000
vt -3.9377 0.6965 0.0000
vt -3.9385 0.6961 0.0000
vt -3.9391 0.6956 0.0000
vt -3.9398 0.6951 0.0000
vt -3.9405 0.6946 0.0000
vt -3.9411 0.6941 0.0000
vt -3.9418 0.6935 0.0000
vt -3.9424 0.6930 0.0000
vt -3.9430 0.6924 0.0000
vt -3.9435 0.6918 0.0000
vt -3.9441 0.6911 0.0000
vt -3.9446 0.6905 0.0000
vt -3.9451 0.6898 0.0000
vt -3.9456 0.6891 0.0000
vt -3.9461 0.6885 0.0000
vt -3.9465 0.6877 0.0000
vt -3.9469 0.6870 0.0000
vt -3.9473 0.6863 0.0000
vt -3.9477 0.6855 0.0000
vt -3.9480 0.6848 0.0000
vt -3.9483 0.6840 0.0000
vt -3.9486 0.6832 0.0000
vt -3.9489 0.6824 0.0000
vt -3.9491 0.6816 0.0000
vt -3.9493 0.6808 0.0000
vt -3.9495 0.6800 0.0000
vt -3.9497 0.6792 0.0000
vt -3.9498 0.6783 0.0000
vt -3.9499 0.6775 0.0000
vt -3.9499 0.6767 0.0000
vt -3.9500 0.6758 0.0000
vt -3.9500 0.6750 0.0000
vt -3.1250 0.3000 0.0000
vt -3.9500 -0.7000 0.0000
vt -3.1500 0.2750 0.0000
vt -3.1500 0.2758 0.0000
vt -3.1499 0.2767 0.0000
vt -3.6250 -0.7000 0.0000
vt -3.6250 -0.6975 0.0000
vt -3.6248 -0.6949 0.0000
vt -3.6246 -0.6924 0.0000
vt -3.6243 -0.6899 0.0000
vt -3.6239 -0.6874 0.0000
vt -3.6235 -0.6849 0.0000
vt -3.6229 -0.6824 0.0000
vt -3.6223 -0.6800 0.0000
vt -3.6216 -0.6775 0.0000
vt -3.6208 -0.6751 0.0000
vt -3.6199 -0.6728 0.0000
vt -3.6189 -0.6704 0.0000
vt -3.6179 -0.6681 0.0000
vt -3.6168 -0.6658 0.0000
vt -3.6156 -0.6636 0.0000
vt -3.6143 -0.6614 0.0000
vt -3.6130 -0.6593 0.0000
vt -3.6116 -0.6572 0.0000
vt -3.6101 -0.6551 0.0000
vt -3.6085 -0.6531 0.0000
vt -3.6069 -0.6511 0.0000
vt -3.6052 -0.6493 0.0000
vt -3.6035 -0.6474 0.0000
vt -3.6017 -0.6456 0.0000
vt -3.5998 -0.6439 0.0000
vt -3.5979 -0.6423 0.0000
vt -3.5959 -0.6407 0.0000
vt -3.5939 -0.6392 0.0000
vt -3.5918 -0.6377 0.0000
vt -3.5897 -0.6364 0.0000
vt -3.5875 -0.6350 0.0000
vt -3.5853 -0.6338 0.0000
vt -3.5830 -0.6327 0.0000
vt -3.5807 -0.6316 0.0000
vt -3.5784 -0.6306 0.0000
vt -3.5760 -0.6297 0.0000
vt -3.5737 -0.6288 0.0000
vt -3.5712 -0.6281 0.0000
vt -3.5688 -0.6274 0.0000
vt -3.5663 -0.6268 0.0000
vt -3.5639 -0.6263 0.0000
vt -3.5614 -0.6259 0.0000
vt -3.5588 -0.6255 0.0000
vt -3.5563 -0.6253 0.0000
vt -3.5538 -0.6251 0.0000
vt -3.5513 -0.6250 0.0000
vt -3.5487 -0.6250 0.0000
vt -3.5462 -0.6251 0.0000
vt -3.5437 -0.6253 0.0000
vt -3.5412 -0.6255 0.0000
vt -3.5386 -0.6259 0.0000
vt -3.5361 -0.6263 0.0000
vt -3.5337 -0.6268 0.0000
vt -3.1500 -0.7000 0.0000
vt -3.5312 -0.6274 0.0000
vt -3.5288 -0.6281 0.0000
vt -3.5263 -0.6288 0.0000
vt -3.5240 -0.6297 0.0000
vt -3.5216 -0.6306 0.0000
vt -3.5193 -0.6316 0.0000
vt -3.5170 -0.6327 0.0000
vt -3.5147 -0.6338 0.0000
vt -3.5125 -0.6350 0.0000
vt -3.5103 -0.6364 0.0000
vt -3.5082 -0.6377 0.0000
vt -3.5061 -0.6392 0.0000
vt -3.5041 -0.6407 0.0000
vt -3.5021 -0.6423 0.0000
vt -3.5002 -0.6439 0.0000
vt -3.4983 -0.6456 0.0000
vt -3.4965 -0.6474 0.0000
vt -3.4948 -0.6493 0.0000
vt -3.4931 -0.6511 0.0000
vt -3.4915 -0.6531 0.0000
vt -3.4899 -0.6551 0.0000
vt -3.4884 -0.6572 0.0000
vt -3.4870 -0.6593 0.0000
vt -3.4857 -0.6614 0.0000
vt -3.4844 -0.6636 0.0000
vt -3.4832 -0.6658 0.0000
vt -3.4821 -0.6681 0.0000
vt -3.4811 -0.6704 0.0000
vt -3.4801 -0.6728 0.0000
vt -3.4792 -0.6751 0.0000
vt -3.4784 -0.6775 0.0000
vt -3.4777 -0.6800 0.0000
vt -3.4771 -0.6824 0.0000
vt -3.4765 -0.6849 0.0000
vt -3.4761 -0.6874 0.0000
vt -3.4757 -0.6899 0.0000
vt -3.4754 -0.6924 0.0000
vt -3.4752 -0.6949 0.0000
vt -3.4750 -0.6975 0.0000
vt -3.4750 -0.7000 0.0000
vt -3.1499 0.2775 0.0000
vt -3.1498 0.2783 0.0000
vt -3.1497 0.2792 0.0000
vt -3.1495 0.2800 0.0000
vt -3.1493 0.2808 0.0000
vt -3.1491 0.2816 0.0000
vt -3.1489 0.2824 0.0000
vt -3.1486 0.2832 0.0000
vt -3.1483 0.2840 0.0000
vt -3.1480 0.2848 0.0000
vt -3.1477 0.2855 0.0000
vt -3.1473 0.2863 0.0000
vt -3.1469 0.2870 0.0000
vt -3.1465 0.2877 0.0000
vt -3.1461 0.2885 0.0000
vt -3.1456 0.2891 0.0000
vt -3.1451 0.2898 0.0000
vt -3.1446 0.2905 0.0000
vt -3.1441 0.2911 0.0000
vt -3.1435 0.2918 0.0000
vt -3.1430 0.2924 0.0000
vt -3.1424 0.2930 0.0000
vt -3.1418 0.2935 0.0000
vt -3.1411 0.2941 0.0000
vt -3.1405 0.2946 0.0000
vt -3.1398 0.2951 0.0000
vt -3.1391 0.2956 0.0000
vt -3.1385 0.2961 0.0000
vt -3.1377 0.2965 0.0000
vt -3.1370 0.2969 0.0000
vt -3.1363 0.2973 0.0000
vt -3.1355 0.2977 0.0000
vt -3.1348 0.2980 0.0000
vt -3.1340 0.2983 0.0000
vt -3.1332 0.2986 0.0000
vt -3.1324 0.2989 0.0000
vt -3.1316 0.2991 0.0000
vt -3.1308 0.2993 0.0000
vt -3.1300 0.2995 0.0000
vt -3.1292 0.2997 0.0000
vt -3.1283 0.2998 0.0000
vt -3.1275 0.2999 0.0000
vt -3.1267 0.2999 0.0000
vt -3.1258 0.3000 0.0000
# 773 texture coords

o HCR527
g HCR527
usemtl Material__26
s off
f 1/1/1 2/2/2 3/3/1 
f 3/3/1 2/2/2 4/4/2 
f 4/4/2 2/2/2 5/5/3 
f 4/4/2 5/5/3 6/6/3 
f 6/6/3 5/5/3 7/7/4 
f 6/6/3 7/7/4 8/8/4 
f 8/8/4 7/7/4 9/9/5 
f 8/8/4 9/9/5 10/10/5 
f 10/10/5 9/9/5 11/11/6 
f 10/10/5 11/11/6 12/12/6 
f 12/12/6 11/11/6 13/13/7 
f 12/12/6 13/13/7 14/14/7 
f 14/14/7 13/13/7 15/15/8 
f 14/14/7 15/15/8 16/16/8 
f 16/16/8 15/15/8 17/17/9 
f 16/16/8 17/17/9 18/18/9 
f 18/18/9 17/17/9 19/19/10 
f 18/18/9 19/19/10 20/20/10 
f 20/20/10 19/19/10 21/21/11 
f 20/20/10 21/21/11 22/22/11 
f 22/22/11 21/21/11 23/23/12 
f 22/22/11 23/23/12 24/24/12 
f 24/24/12 23/23/12 25/25/13 
f 24/24/12 25/25/13 26/26/13 
f 26/26/13 25/25/13 27/27/14 
f 26/26/13 27/27/14 28/28/14 
f 28/28/14 27/27/14 29/29/15 
f 28/28/14 29/29/15 30/30/15 
f 30/30/15 29/29/15 31/31/16 
f 30/30/15 31/31/16 32/32/16 
f 32/32/16 31/31/16 33/33/17 
f 32/32/16 33/33/17 34/34/17 
f 34/34/17 33/33/17 35/35/18 
f 34/34/17 35/35/18 36/36/18 
f 36/36/18 35/35/18 37/37/19 
f 36/36/18 37/37/19 38/38/19 
f 38/38/19 37/37/19 39/39/20 
f 38/38/19 39/39/20 40/40/20 
f 40/40/20 39/39/20 41/41/21 
f 40/40/20 41/41/21 42/42/21 
f 42/42/21 41/41/21 43/43/22 
f 42/42/21 43/43/22 44/44/22 
f 44/44/22 43/43/22 45/45/23 
f 44/44/22 45/45/23 46/46/23 
f 46/46/23 45/45/23 47/47/24 
f 46/46/23 47/47/24 48/48/24 
f 48/48/24 47/47/24 49/49/25 
f 48/48/24 49/49/25 50/50/25 
f 50/50/25 49/49/25 51/51/26 
f 50/50/25 51/51/26 52/52/26 
f 52/52/26 51/51/26 53/53/27 
f 52/52/26 53/53/27 54/54/27 
f 54/54/27 53/53/27 55/55/28 
f 54/54/27 55/55/28 56/56/28 
f 56/56/28 55/55/28 57/57/29 
f 56/56/28 57/57/29 58/58/29 
f 58/58/29 57/57/29 59/59/30 
f 58/58/29 59/59/30 60/60/30 
f 60/60/30 59/59/30 61/61/31 
f 60/60/30 61/61/31 62/62/31 
f 62/62/31 61/61/31 63/63/32 
f 62/62/31 63/63/32 64/64/32 
f 64/64/32 63/63/32 65/65/33 
f 64/64/32 65/65/33 66/66/33 
f 66/66/33 65/65/33 67/67/34 
f 66/66/33 67/67/34 68/68/34 
f 68/68/34 67/67/34 69/69/35 
f 68/68/34 69/69/35 70/70/35 
f 70/70/35 69/69/35 71/71/36 
f 70/70/35 71/71/36 72/72/36 
f 72/72/36 71/71/36 73/73/37 
f 72/72/36 73/73/37 74/74/37 
f 74/74/37 73/73/37 75/75/38 
f 74/74/37 75/75/38 76/76/38 
f 76/76/38 75/75/38 77/77/39 
f 76/76/38 77/77/39 78/78/39 
f 78/78/39 77/77/39 79/79/40 
f 78/78/39 79/79/40 80/80/40 
f 80/80/40 79/79/40 81/81/41 
f 80/80/40 81/81/41 82/82/41 
f 82/82/41 81/81/41 83/83/42 
f 82/82/41 83/83/42 84/84/42 
f 84/84/42 83/83/42 85/85/43 
f 84/84/42 85/85/43 86/86/43 
f 86/86/43 85/85/43 87/87/44 
f 86/86/43 87/87/44 88/88/44 
f 88/88/44 87/87/44 89/89/45 
f 88/88/44 89/89/45 90/90/45 
f 90/90/45 89/89/45 91/91/46 
f 90/90/45 91/91/46 92/92/46 
f 92/92/46 91/91/46 93/93/47 
f 92/92/46 93/93/47 94/94/47 
f 94/94/47 93/93/47 95/95/48 
f 94/94/47 95/95/48 96/96/48 
f 96/96/48 95/95/48 97/97/49 
f 96/96/48 97/97/49 98/98/49 
f 98/98/49 97/97/49 99/99/50 
f 98/98/49 99/99/50 100/100/50 
f 100/100/50 99/99/50 101/101/51 
f 100/100/50 101/101/51 102/102/51 
f 102/102/51 101/101/51 103/103/52 
f 102/102/51 103/103/52 104/104/52 
f 104/104/52 103/103/52 105/105/53 
f 104/104/52 105/105/53 106/106/53 
f 106/106/53 105/105/53 107/107/54 
f 106/106/53 107/107/54 108/108/54 
f 108/108/54 107/107/54 109/109/55 
f 108/108/54 109/109/55 110/110/55 
f 110/110/55 109/109/55 111/111/56 
f 110/110/55 111/111/56 112/112/56 
f 112/112/56 111/111/56 113/113/57 
f 112/112/56 113/113/57 114/114/57 
f 114/114/57 113/113/57 115/115/58 
f 114/114/57 115/115/58 116/116/58 
f 116/116/58 115/115/58 117/117/59 
f 116/116/58 117/117/59 118/118/59 
f 118/118/59 117/117/59 119/119/60 
f 118/118/59 119/119/60 120/120/60 
f 120/120/60 119/119/60 121/121/61 
f 120/120/60 121/121/61 122/122/61 
f 122/122/61 121/121/61 123/123/62 
f 122/122/61 123/123/62 124/124/62 
f 124/124/62 123/123/62 125/125/63 
f 124/124/62 125/125/63 126/126/63 
f 126/126/63 125/125/63 127/127/64 
f 126/126/63 127/127/64 128/128/64 
f 128/128/64 127/127/64 129/129/65 
f 128/128/64 129/129/65 130/130/65 
f 130/130/65 129/129/65 131/131/66 
f 130/130/65 131/131/66 132/132/66 
f 132/132/66 131/131/66 133/133/67 
f 132/132/66 133/133/67 134/134/67 
f 134/134/67 133/133/67 135/135/68 
f 134/134/67 135/135/68 136/136/68 
f 136/136/68 135/135/68 137/137/69 
f 136/136/68 137/137/69 138/138/69 
f 138/138/69 137/137/69 139/139/70 
f 138/138/69 139/139/70 140/140/70 
f 140/140/70 139/139/70 141/141/71 
f 140/140/70 141/141/71 142/142/71 
f 142/142/71 141/141/71 143/143/72 
f 142/142/71 143/143/72 144/144/72 
f 144/144/72 143/143/72 145/145/73 
f 144/144/72 145/145/73 146/146/73 
f 146/146/73 145/145/73 147/147/74 
f 146/146/73 147/147/74 148/148/74 
f 148/148/74 147/147/74 149/149/75 
f 148/148/74 149/149/75 150/150/75 
f 150/150/75 149/149/75 151/151/76 
f 150/150/75 151/151/76 152/152/76 
f 152/152/76 151/151/76 153/153/77 
f 152/152/76 153/153/77 154/154/77 
f 154/154/77 153/153/77 155/155/78 
f 154/154/77 155/155/78 156/156/78 
f 156/156/78 155/155/78 157/157/79 
f 156/156/78 157/157/79 158/158/79 
f 158/158/79 157/157/79 159/159/80 
f 158/158/79 159/159/80 160/160/80 
f 160/160/80 159/159/80 161/161/81 
f 160/160/80 161/161/81 162/162/81 
f 162/162/81 161/161/81 163/163/82 
f 162/162/81 163/163/82 164/164/82 
f 164/164/82 163/163/82 165/165/83 
f 164/164/82 165/165/83 166/166/83 
f 166/166/83 165/165/83 167/167/84 
f 166/166/83 167/167/84 168/168/84 
f 168/168/84 167/167/84 169/169/85 
f 168/168/84 169/169/85 170/170/85 
f 170/170/85 169/169/85 171/171/86 
f 170/170/85 171/171/86 172/172/86 
f 172/172/86 171/171/86 173/173/87 
f 172/172/86 173/173/87 174/174/87 
f 174/174/87 173/173/87 175/175/88 
f 174/174/87 175/175/88 176/176/88 
f 176/176/88 175/175/88 177/177/89 
f 176/176/88 177/177/89 178/178/89 
f 178/178/89 177/177/89 179/179/90 
f 178/178/89 179/179/90 180/180/90 
f 180/180/90 179/179/90 181/181/91 
f 180/180/90 181/181/91 182/182/91 
f 182/182/91 181/181/91 183/183/92 
f 182/182/91 183/183/92 184/184/92 
f 184/184/92 183/183/92 185/185/93 
f 185/185/93 183/183/92 186/186/93 
f 185/185/93 186/186/93 187/187/94 
f 187/187/94 186/186/93 188/188/94 
f 189/189/95 1/190/95 190/191/95 
f 190/191/95 1/190/95 3/192/95 
f 191/1/96 189/193/96 192/191/96 
f 192/191/96 189/193/96 190/194/96 
f 193/195/97 194/196/98 195/197/97 
f 195/197/97 194/196/98 196/198/98 
f 196/198/98 194/196/98 197/199/99 
f 196/198/98 197/199/99 198/200/99 
f 198/200/99 197/199/99 199/201/100 
f 198/200/99 199/201/100 200/202/100 
f 200/202/100 199/201/100 201/203/101 
f 200/202/100 201/203/101 202/204/101 
f 202/204/101 201/203/101 203/205/102 
f 202/204/101 203/205/102 204/206/102 
f 204/206/102 203/205/102 205/207/103 
f 204/206/102 205/207/103 206/208/103 
f 206/208/103 205/207/103 207/209/104 
f 206/208/103 207/209/104 208/210/104 
f 208/210/104 207/209/104 209/211/105 
f 208/210/104 209/211/105 210/212/105 
f 210/212/105 209/211/105 211/213/106 
f 210/212/105 211/213/106 212/214/106 
f 212/214/106 211/213/106 213/215/107 
f 212/214/106 213/215/107 214/216/107 
f 214/216/107 213/215/107 215/217/108 
f 214/216/107 215/217/108 216/218/108 
f 216/218/108 215/217/108 217/219/109 
f 216/218/108 217/219/109 218/220/109 
f 218/220/109 217/219/109 219/221/110 
f 218/220/109 219/221/110 220/222/110 
f 220/222/110 219/221/110 221/223/111 
f 220/222/110 221/223/111 222/224/111 
f 222/224/111 221/223/111 223/225/112 
f 222/224/111 223/225/112 224/226/112 
f 224/226/112 223/225/112 225/227/113 
f 225/227/113 223/225/112 226/228/113 
f 225/227/113 226/228/113 227/229/114 
f 227/229/114 226/228/113 228/230/114 
f 227/229/114 228/230/114 229/231/115 
f 227/229/114 229/231/115 230/232/115 
f 230/232/115 229/231/115 231/233/116 
f 230/232/115 231/233/116 232/234/116 
f 232/234/116 231/233/116 233/235/117 
f 232/234/116 233/235/117 234/236/117 
f 234/236/117 233/235/117 235/237/118 
f 234/236/117 235/237/118 236/238/118 
f 236/238/118 235/237/118 237/239/119 
f 236/238/118 237/239/119 238/240/119 
f 238/240/119 237/239/119 239/241/120 
f 238/240/119 239/241/120 240/242/120 
f 240/242/120 239/241/120 241/243/121 
f 240/242/120 241/243/121 242/244/121 
f 242/244/121 241/243/121 243/245/122 
f 242/244/121 243/245/122 244/246/122 
f 244/246/122 243/245/122 245/247/123 
f 244/246/122 245/247/123 246/248/123 
f 246/248/123 245/247/123 247/249/124 
f 246/248/123 247/249/124 248/250/124 
f 248/250/124 247/249/124 249/251/125 
f 248/250/124 249/251/125 250/252/125 
f 250/252/125 249/251/125 251/253/126 
f 250/252/125 251/253/126 252/254/126 
f 252/254/126 251/253/126 253/255/127 
f 252/254/126 253/255/127 254/256/127 
f 254/256/127 253/255/127 255/257/128 
f 254/256/127 255/257/128 256/258/128 
f 256/258/128 255/257/128 257/259/129 
f 256/258/128 257/259/129 258/260/129 
f 258/260/129 257/259/129 259/261/130 
f 258/260/129 259/261/130 260/262/130 
f 260/262/130 259/261/130 261/263/131 
f 260/262/130 261/263/131 262/264/131 
f 262/264/131 261/263/131 263/265/132 
f 262/264/131 263/265/132 264/266/132 
f 264/266/132 263/265/132 265/267/133 
f 264/266/132 265/267/133 266/268/133 
f 266/268/133 265/267/133 267/269/134 
f 266/268/133 267/269/134 268/270/134 
f 268/270/134 267/269/134 269/271/135 
f 268/270/134 269/271/135 270/272/135 
f 270/272/135 269/271/135 271/273/136 
f 270/272/135 271/273/136 272/274/136 
f 272/274/136 271/273/136 273/275/137 
f 272/274/136 273/275/137 274/276/137 
f 274/276/137 273/275/137 275/277/138 
f 274/276/137 275/277/138 276/278/138 
f 276/278/138 275/277/138 277/279/139 
f 276/278/138 277/279/139 278/280/139 
f 278/280/139 277/279/139 279/281/140 
f 278/280/139 279/281/140 280/282/140 
f 280/282/140 279/281/140 281/283/141 
f 280/282/140 281/283/141 282/284/141 
f 282/284/141 281/283/141 283/285/142 
f 282/284/141 283/285/142 284/286/142 
f 284/286/142 283/285/142 285/287/143 
f 284/286/142 285/287/143 286/288/143 
f 286/288/143 285/287/143 191/289/96 
f 286/288/143 191/289/96 192/290/96 
f 287/1/97 193/291/97 288/191/97 
f 288/191/97 193/291/97 195/292/97 
f 289/195/144 290/196/145 291/197/144 
f 291/197/144 290/196/145 292/198/145 
f 292/198/145 290/196/145 293/199/146 
f 292/198/145 293/199/146 294/200/146 
f 294/200/146 293/199/146 295/201/147 
f 294/200/146 295/201/147 296/202/147 
f 296/202/147 295/201/147 297/203/148 
f 296/202/147 297/203/148 298/204/148 
f 298/204/148 297/203/148 299/205/149 
f 298/204/148 299/205/149 300/206/149 
f 300/206/149 299/205/149 301/207/150 
f 300/206/149 301/207/150 302/208/150 
f 302/208/150 301/207/150 303/209/151 
f 302/208/150 303/209/151 304/210/151 
f 304/210/151 303/209/151 305/211/152 
f 304/210/151 305/211/152 306/212/152 
f 306/212/152 305/211/152 307/213/153 
f 306/212/152 307/213/153 308/214/153 
f 308/214/153 307/213/153 309/215/154 
f 308/214/153 309/215/154 310/216/154 
f 310/216/154 309/215/154 311/217/155 
f 310/216/154 311/217/155 312/218/155 
f 312/218/155 311/217/155 313/219/156 
f 312/218/155 313/219/156 314/220/156 
f 314/220/156 313/219/156 315/221/157 
f 314/220/156 315/221/157 316/222/157 
f 316/222/157 315/221/157 317/223/158 
f 316/222/157 317/223/158 318/224/158 
f 318/224/158 317/223/158 319/225/159 
f 318/224/158 319/225/159 320/226/159 
f 320/226/159 319/225/159 321/227/160 
f 321/227/160 319/225/159 322/228/160 
f 321/227/160 322/228/160 323/229/161 
f 323/229/161 322/228/160 324/230/161 
f 323/229/161 324/230/161 325/231/162 
f 323/229/161 325/231/162 326/232/162 
f 326/232/162 325/231/162 327/233/163 
f 326/232/162 327/233/163 328/234/163 
f 328/234/163 327/233/163 329/235/164 
f 328/234/163 329/235/164 330/236/164 
f 330/236/164 329/235/164 331/237/165 
f 330/236/164 331/237/165 332/238/165 
f 332/238/165 331/237/165 333/239/166 
f 332/238/165 333/239/166 334/240/166 
f 334/240/166 333/239/166 335/241/167 
f 334/240/166 335/241/167 336/242/167 
f 336/242/167 335/241/167 337/243/168 
f 336/242/167 337/243/168 338/244/168 
f 338/244/168 337/243/168 339/245/169 
f 338/244/168 339/245/169 340/246/169 
f 340/246/169 339/245/169 341/247/170 
f 340/246/169 341/247/170 342/248/170 
f 342/248/170 341/247/170 343/249/171 
f 342/248/170 343/249/171 344/250/171 
f 344/250/171 343/249/171 345/251/172 
f 344/250/171 345/251/172 346/252/172 
f 346/252/172 345/251/172 347/253/173 
f 346/252/172 347/253/173 348/254/173 
f 348/254/173 347/253/173 349/255/174 
f 348/254/173 349/255/174 350/256/174 
f 350/256/174 349/255/174 351/257/175 
f 350/256/174 351/257/175 352/258/175 
f 352/258/175 351/257/175 353/259/176 
f 352/258/175 353/259/176 354/260/176 
f 354/260/176 353/259/176 355/261/177 
f 354/260/176 355/261/177 356/262/177 
f 356/262/177 355/261/177 357/263/178 
f 356/262/177 357/263/178 358/264/178 
f 358/264/178 357/263/178 359/265/179 
f 358/264/178 359/265/179 360/266/179 
f 360/266/179 359/265/179 361/267/180 
f 360/266/179 361/267/180 362/268/180 
f 362/268/180 361/267/180 363/269/181 
f 362/268/180 363/269/181 364/270/181 
f 364/270/181 363/269/181 365/271/182 
f 364/270/181 365/271/182 366/272/182 
f 366/272/182 365/271/182 367/273/183 
f 366/272/182 367/273/183 368/274/183 
f 368/274/183 367/273/183 369/275/184 
f 368/274/183 369/275/184 370/276/184 
f 370/276/184 369/275/184 371/277/185 
f 370/276/184 371/277/185 372/278/185 
f 372/278/185 371/277/185 373/279/186 
f 372/278/185 373/279/186 374/280/186 
f 374/280/186 373/279/186 375/281/187 
f 374/280/186 375/281/187 376/282/187 
f 376/282/187 375/281/187 377/283/188 
f 376/282/187 377/283/188 378/284/188 
f 378/284/188 377/283/188 379/285/189 
f 378/284/188 379/285/189 380/286/189 
f 380/286/189 379/285/189 381/287/190 
f 380/286/189 381/287/190 382/288/190 
f 382/288/190 381/287/190 287/289/97 
f 382/288/190 287/289/97 288/290/97 
f 383/1/1 289/193/144 384/191/1 
f 384/191/1 289/193/144 291/194/144 
f 385/189/95 383/190/95 386/191/95 
f 386/191/95 383/190/95 384/192/95 
f 387/1/1 388/2/2 389/3/1 
f 389/3/1 388/2/2 390/4/2 
f 390/4/2 388/2/2 391/5/3 
f 390/4/2 391/5/3 392/6/3 
f 392/6/3 391/5/3 393/7/4 
f 392/6/3 393/7/4 394/8/4 
f 394/8/4 393/7/4 395/9/5 
f 394/8/4 395/9/5 396/10/5 
f 396/10/5 395/9/5 397/11/6 
f 396/10/5 397/11/6 398/12/6 
f 398/12/6 397/11/6 399/13/7 
f 398/12/6 399/13/7 400/14/7 
f 400/14/7 399/13/7 401/15/8 
f 400/14/7 401/15/8 402/16/8 
f 402/16/8 401/15/8 403/17/9 
f 402/16/8 403/17/9 404/18/9 
f 404/18/9 403/17/9 405/19/10 
f 404/18/9 405/19/10 406/20/10 
f 406/20/10 405/19/10 407/21/11 
f 406/20/10 407/21/11 408/22/11 
f 408/22/11 407/21/11 409/23/12 
f 408/22/11 409/23/12 410/24/12 
f 410/24/12 409/23/12 411/25/13 
f 410/24/12 411/25/13 412/26/13 
f 412/26/13 411/25/13 413/27/14 
f 412/26/13 413/27/14 414/28/14 
f 414/28/14 413/27/14 415/29/15 
f 414/28/14 415/29/15 416/30/15 
f 416/30/15 415/29/15 417/31/16 
f 416/30/15 417/31/16 418/32/16 
f 418/32/16 417/31/16 419/33/17 
f 418/32/16 419/33/17 420/34/17 
f 420/34/17 419/33/17 421/35/18 
f 420/34/17 421/35/18 422/36/18 
f 422/36/18 421/35/18 423/37/19 
f 422/36/18 423/37/19 424/38/19 
f 424/38/19 423/37/19 425/39/20 
f 424/38/19 425/39/20 426/40/20 
f 426/40/20 425/39/20 427/41/21 
f 426/40/20 427/41/21 428/42/21 
f 428/42/21 427/41/21 429/43/22 
f 428/42/21 429/43/22 430/44/22 
f 430/44/22 429/43/22 431/45/23 
f 430/44/22 431/45/23 432/46/23 
f 432/46/23 431/45/23 433/47/24 
f 432/46/23 433/47/24 434/48/24 
f 434/48/24 433/47/24 435/49/25 
f 434/48/24 435/49/25 436/50/25 
f 436/50/25 435/49/25 437/51/26 
f 436/50/25 437/51/26 438/52/26 
f 438/52/26 437/51/26 439/53/27 
f 438/52/26 439/53/27 440/54/27 
f 440/54/27 439/53/27 441/55/28 
f 440/54/27 441/55/28 442/56/28 
f 442/56/28 441/55/28 443/57/29 
f 442/56/28 443/57/29 444/58/29 
f 444/58/29 443/57/29 445/59/30 
f 444/58/29 445/59/30 446/60/30 
f 446/60/30 445/59/30 447/61/31 
f 446/60/30 447/61/31 448/62/31 
f 448/62/31 447/61/31 449/63/32 
f 448/62/31 449/63/32 450/64/32 
f 450/64/32 449/63/32 451/65/33 
f 450/64/32 451/65/33 452/66/33 
f 452/66/33 451/65/33 453/67/34 
f 452/66/33 453/67/34 454/68/34 
f 454/68/34 453/67/34 455/69/35 
f 454/68/34 455/69/35 456/70/35 
f 456/70/35 455/69/35 457/71/36 
f 456/70/35 457/71/36 458/72/36 
f 458/72/36 457/71/36 459/73/37 
f 458/72/36 459/73/37 460/74/37 
f 460/74/37 459/73/37 461/75/38 
f 460/74/37 461/75/38 462/76/38 
f 462/76/38 461/75/38 463/77/39 
f 462/76/38 463/77/39 464/78/39 
f 464/78/39 463/77/39 465/79/40 
f 464/78/39 465/79/40 466/80/40 
f 466/80/40 465/79/40 467/81/41 
f 466/80/40 467/81/41 468/82/41 
f 468/82/41 467/81/41 469/83/42 
f 468/82/41 469/83/42 470/84/42 
f 470/84/42 469/83/42 471/85/43 
f 470/84/42 471/85/43 472/86/43 
f 472/86/43 471/85/43 473/87/44 
f 472/86/43 473/87/44 474/88/44 
f 474/88/44 473/87/44 475/89/45 
f 474/88/44 475/89/45 476/90/45 
f 476/90/45 475/89/45 477/91/46 
f 476/90/45 477/91/46 478/92/46 
f 478/92/46 477/91/46 479/93/47 
f 478/92/46 479/93/47 480/94/47 
f 480/94/47 479/93/47 481/95/48 
f 480/94/47 481/95/48 482/96/48 
f 482/96/48 481/95/48 483/97/49 
f 482/96/48 483/97/49 484/98/49 
f 484/98/49 483/97/49 485/99/50 
f 484/98/49 485/99/50 486/100/50 
f 486/100/50 485/99/50 487/101/51 
f 486/100/50 487/101/51 488/102/51 
f 488/102/51 487/101/51 489/103/52 
f 488/102/51 489/103/52 490/104/52 
f 490/104/52 489/103/52 491/105/53 
f 490/104/52 491/105/53 492/106/53 
f 492/106/53 491/105/53 493/107/54 
f 492/106/53 493/107/54 494/108/54 
f 494/108/54 493/107/54 495/109/55 
f 494/108/54 495/109/55 496/110/55 
f 496/110/55 495/109/55 497/111/56 
f 496/110/55 497/111/56 498/112/56 
f 498/112/56 497/111/56 499/113/57 
f 498/112/56 499/113/57 500/114/57 
f 500/114/57 499/113/57 501/115/58 
f 500/114/57 501/115/58 502/116/58 
f 502/116/58 501/115/58 503/117/59 
f 502/116/58 503/117/59 504/118/59 
f 504/118/59 503/117/59 505/119/60 
f 504/118/59 505/119/60 506/120/60 
f 506/120/60 505/119/60 507/121/61 
f 506/120/60 507/121/61 508/122/61 
f 508/122/61 507/121/61 509/123/62 
f 508/122/61 509/123/62 510/124/62 
f 510/124/62 509/123/62 511/125/63 
f 510/124/62 511/125/63 512/126/63 
f 512/126/63 511/125/63 513/127/64 
f 512/126/63 513/127/64 514/128/64 
f 514/128/64 513/127/64 515/129/65 
f 514/128/64 515/129/65 516/130/65 
f 516/130/65 515/129/65 517/131/66 
f 516/130/65 517/131/66 518/132/66 
f 518/132/66 517/131/66 519/133/67 
f 518/132/66 519/133/67 520/134/67 
f 520/134/67 519/133/67 521/135/68 
f 520/134/67 521/135/68 522/136/68 
f 522/136/68 521/135/68 523/137/69 
f 522/136/68 523/137/69 524/138/69 
f 524/138/69 523/137/69 525/139/70 
f 524/138/69 525/139/70 526/140/70 
f 526/140/70 525/139/70 527/141/71 
f 526/140/70 527/141/71 528/142/71 
f 528/142/71 527/141/71 529/143/72 
f 528/142/71 529/143/72 530/144/72 
f 530/144/72 529/143/72 531/145/73 
f 530/144/72 531/145/73 532/146/73 
f 532/146/73 531/145/73 533/147/74 
f 532/146/73 533/147/74 534/148/74 
f 534/148/74 533/147/74 535/149/75 
f 534/148/74 535/149/75 536/150/75 
f 536/150/75 535/149/75 537/151/76 
f 536/150/75 537/151/76 538/152/76 
f 538/152/76 537/151/76 539/153/77 
f 538/152/76 539/153/77 540/154/77 
f 540/154/77 539/153/77 541/155/78 
f 540/154/77 541/155/78 542/156/78 
f 542/156/78 541/155/78 543/157/79 
f 542/156/78 543/157/79 544/158/79 
f 544/158/79 543/157/79 545/159/80 
f 544/158/79 545/159/80 546/160/80 
f 546/160/80 545/159/80 547/161/81 
f 546/160/80 547/161/81 548/162/81 
f 548/162/81 547/161/81 549/163/82 
f 548/162/81 549/163/82 550/164/82 
f 550/164/82 549/163/82 551/165/83 
f 550/164/82 551/165/83 552/166/83 
f 552/166/83 551/165/83 553/167/84 
f 552/166/83 553/167/84 554/168/84 
f 554/168/84 553/167/84 555/169/85 
f 554/168/84 555/169/85 556/170/85 
f 556/170/85 555/169/85 557/171/86 
f 556/170/85 557/171/86 558/172/86 
f 558/172/86 557/171/86 559/173/87 
f 558/172/86 559/173/87 560/174/87 
f 560/174/87 559/173/87 561/175/88 
f 560/174/87 561/175/88 562/176/88 
f 562/176/88 561/175/88 563/177/89 
f 562/176/88 563/177/89 564/178/89 
f 564/178/89 563/177/89 565/179/90 
f 564/178/89 565/179/90 566/180/90 
f 566/180/90 565/179/90 567/181/91 
f 566/180/90 567/181/91 568/182/91 
f 568/182/91 567/181/91 569/183/92 
f 568/182/91 569/183/92 570/184/92 
f 570/184/92 569/183/92 571/185/93 
f 571/185/93 569/183/92 572/186/93 
f 571/185/93 572/186/93 386/187/94 
f 386/187/94 572/186/93 385/188/94 
f 573/189/95 387/190/95 574/191/95 
f 574/191/95 387/190/95 389/192/95 
f 575/1/96 573/293/96 576/191/96 
f 576/191/96 573/293/96 574/294/96 
f 577/1/95 578/295/191 579/3/95 
f 579/3/95 578/295/191 580/296/191 
f 580/296/191 578/295/191 581/297/192 
f 580/296/191 581/297/192 582/298/192 
f 582/298/192 581/297/192 583/2/193 
f 582/298/192 583/2/193 584/4/193 
f 584/4/193 583/2/193 585/299/194 
f 584/4/193 585/299/194 586/300/194 
f 586/300/194 585/299/194 587/301/195 
f 586/300/194 587/301/195 588/302/195 
f 588/302/195 587/301/195 589/303/196 
f 588/302/195 589/303/196 590/304/196 
f 590/304/196 589/303/196 591/305/197 
f 590/304/196 591/305/197 592/306/197 
f 592/306/197 591/305/197 593/307/198 
f 592/306/197 593/307/198 594/308/198 
f 594/308/198 593/307/198 595/309/199 
f 594/308/198 595/309/199 596/310/199 
f 596/310/199 595/309/199 597/311/200 
f 596/310/199 597/311/200 598/312/200 
f 598/312/200 597/311/200 599/313/201 
f 598/312/200 599/313/201 600/314/201 
f 600/314/201 599/313/201 601/315/202 
f 600/314/201 601/315/202 602/316/202 
f 602/316/202 601/315/202 603/317/203 
f 602/316/202 603/317/203 604/318/203 
f 604/318/203 603/317/203 605/319/204 
f 604/318/203 605/319/204 606/320/204 
f 606/320/204 605/319/204 607/321/205 
f 606/320/204 607/321/205 608/322/205 
f 608/322/205 607/321/205 609/323/206 
f 608/322/205 609/323/206 610/324/206 
f 610/324/206 609/323/206 611/325/207 
f 610/324/206 611/325/207 612/326/207 
f 612/326/207 611/325/207 613/327/208 
f 612/326/207 613/327/208 614/328/208 
f 614/328/208 613/327/208 615/329/209 
f 614/328/208 615/329/209 616/330/209 
f 616/330/209 615/329/209 617/331/210 
f 616/330/209 617/331/210 618/332/210 
f 618/332/210 617/331/210 619/333/211 
f 618/332/210 619/333/211 620/334/211 
f 620/334/211 619/333/211 621/335/212 
f 620/334/211 621/335/212 622/336/212 
f 622/336/212 621/335/212 623/337/213 
f 622/336/212 623/337/213 624/338/213 
f 624/338/213 623/337/213 625/339/214 
f 624/338/213 625/339/214 626/340/214 
f 626/340/214 625/339/214 627/341/215 
f 626/340/214 627/341/215 628/342/215 
f 628/342/215 627/341/215 629/343/216 
f 628/342/215 629/343/216 630/344/216 
f 630/344/216 629/343/216 631/345/217 
f 630/344/216 631/345/217 632/346/217 
f 632/346/217 631/345/217 633/347/218 
f 632/346/217 633/347/218 634/348/218 
f 634/348/218 633/347/218 635/349/219 
f 634/348/218 635/349/219 636/350/219 
f 636/350/219 635/349/219 637/351/220 
f 636/350/219 637/351/220 638/352/220 
f 638/352/220 637/351/220 639/353/221 
f 639/353/221 637/351/220 640/354/221 
f 639/353/221 640/354/221 641/355/222 
f 641/355/222 640/354/221 642/356/222 
f 641/355/222 642/356/222 643/357/223 
f 641/355/222 643/357/223 644/358/223 
f 644/358/223 643/357/223 645/359/224 
f 644/358/223 645/359/224 646/360/224 
f 646/360/224 645/359/224 647/361/225 
f 646/360/224 647/361/225 648/362/225 
f 648/362/225 647/361/225 649/363/226 
f 648/362/225 649/363/226 650/364/226 
f 650/364/226 649/363/226 651/365/227 
f 650/364/226 651/365/227 652/366/227 
f 652/366/227 651/365/227 653/367/228 
f 652/366/227 653/367/228 654/368/228 
f 654/368/228 653/367/228 655/369/229 
f 654/368/228 655/369/229 656/370/229 
f 656/370/229 655/369/229 657/371/230 
f 656/370/229 657/371/230 658/372/230 
f 658/372/230 657/371/230 659/373/231 
f 658/372/230 659/373/231 660/374/231 
f 660/374/231 659/373/231 661/375/232 
f 660/374/231 661/375/232 662/376/232 
f 662/376/232 661/375/232 663/377/233 
f 662/376/232 663/377/233 664/378/233 
f 664/378/233 663/377/233 665/379/234 
f 664/378/233 665/379/234 666/380/234 
f 666/380/234 665/379/234 667/381/235 
f 666/380/234 667/381/235 668/382/235 
f 668/382/235 667/381/235 669/383/236 
f 668/382/235 669/383/236 670/384/236 
f 670/384/236 669/383/236 575/385/96 
f 670/384/236 575/385/96 576/386/96 
f 671/1/95 577/387/95 672/388/95 
f 672/388/95 577/387/95 579/389/95 
f 673/1/1 674/295/237 675/3/1 
f 675/3/1 674/295/237 676/296/237 
f 676/296/237 674/295/237 677/297/238 
f 676/296/237 677/297/238 678/298/238 
f 678/298/238 677/297/238 679/2/239 
f 678/298/238 679/2/239 680/4/239 
f 680/4/239 679/2/239 681/299/240 
f 680/4/239 681/299/240 682/300/240 
f 682/300/240 681/299/240 683/301/241 
f 682/300/240 683/301/241 684/302/241 
f 684/302/241 683/301/241 685/303/242 
f 684/302/241 685/303/242 686/304/242 
f 686/304/242 685/303/242 687/305/243 
f 686/304/242 687/305/243 688/306/243 
f 688/306/243 687/305/243 689/307/244 
f 688/306/243 689/307/244 690/308/244 
f 690/308/244 689/307/244 691/309/245 
f 690/308/244 691/309/245 692/310/245 
f 692/310/245 691/309/245 693/311/246 
f 692/310/245 693/311/246 694/312/246 
f 694/312/246 693/311/246 695/313/247 
f 694/312/246 695/313/247 696/314/247 
f 696/314/247 695/313/247 697/315/248 
f 696/314/247 697/315/248 698/316/248 
f 698/316/248 697/315/248 699/317/249 
f 698/316/248 699/317/249 700/318/249 
f 700/318/249 699/317/249 701/319/250 
f 700/318/249 701/319/250 702/320/250 
f 702/320/250 701/319/250 703/321/251 
f 702/320/250 703/321/251 704/322/251 
f 704/322/251 703/321/251 705/323/252 
f 704/322/251 705/323/252 706/324/252 
f 706/324/252 705/323/252 707/325/253 
f 706/324/252 707/325/253 708/326/253 
f 708/326/253 707/325/253 709/327/254 
f 708/326/253 709/327/254 710/328/254 
f 710/328/254 709/327/254 711/329/255 
f 710/328/254 711/329/255 712/330/255 
f 712/330/255 711/329/255 713/331/256 
f 712/330/255 713/331/256 714/332/256 
f 714/332/256 713/331/256 715/333/257 
f 714/332/256 715/333/257 716/334/257 
f 716/334/257 715/333/257 717/335/258 
f 716/334/257 717/335/258 718/336/258 
f 718/336/258 717/335/258 719/337/259 
f 718/336/258 719/337/259 720/338/259 
f 720/338/259 719/337/259 721/339/260 
f 720/338/259 721/339/260 722/340/260 
f 722/340/260 721/339/260 723/341/261 
f 722/340/260 723/341/261 724/342/261 
f 724/342/261 723/341/261 725/343/262 
f 724/342/261 725/343/262 726/344/262 
f 726/344/262 725/343/262 727/345/263 
f 726/344/262 727/345/263 728/346/263 
f 728/346/263 727/345/263 729/347/264 
f 728/346/263 729/347/264 730/348/264 
f 730/348/264 729/347/264 731/349/265 
f 730/348/264 731/349/265 732/350/265 
f 732/350/265 731/349/265 733/351/266 
f 732/350/265 733/351/266 734/352/266 
f 734/352/266 733/351/266 735/353/267 
f 735/353/267 733/351/266 736/354/267 
f 735/353/267 736/354/267 737/355/268 
f 737/355/268 736/354/267 738/356/268 
f 737/355/268 738/356/268 739/357/269 
f 737/355/268 739/357/269 740/358/269 
f 740/358/269 739/357/269 741/359/270 
f 740/358/269 741/359/270 742/360/270 
f 742/360/270 741/359/270 743/361/271 
f 742/360/270 743/361/271 744/362/271 
f 744/362/271 743/361/271 745/363/272 
f 744/362/271 745/363/272 746/364/272 
f 746/364/272 745/363/272 747/365/273 
f 746/364/272 747/365/273 748/366/273 
f 748/366/273 747/365/273 749/367/274 
f 748/366/273 749/367/274 750/368/274 
f 750/368/274 749/367/274 751/369/275 
f 750/368/274 751/369/275 752/370/275 
f 752/370/275 751/369/275 753/371/276 
f 752/370/275 753/371/276 754/372/276 
f 754/372/276 753/371/276 755/373/277 
f 754/372/276 755/373/277 756/374/277 
f 756/374/277 755/373/277 757/375/278 
f 756/374/277 757/375/278 758/376/278 
f 758/376/278 757/375/278 759/377/279 
f 758/376/278 759/377/279 760/378/279 
f 760/378/279 759/377/279 761/379/280 
f 760/378/279 761/379/280 762/380/280 
f 762/380/280 761/379/280 763/381/281 
f 762/380/280 763/381/281 764/382/281 
f 764/382/281 763/381/281 765/383/282 
f 764/382/281 765/383/282 766/384/282 
f 766/384/282 765/383/282 671/385/95 
f 766/384/282 671/385/95 672/386/95 
f 767/1/1 673/293/1 768/191/1 
f 768/191/1 673/293/1 675/294/1 
f 188/189/95 767/190/95 187/191/95 
f 187/191/95 767/190/95 768/192/95 
f 188/390/283 186/391/283 767/392/283 
f 767/392/283 186/391/283 183/393/283 
f 767/392/283 183/393/283 181/394/283 
f 181/394/283 179/395/283 767/392/283 
f 767/392/283 179/395/283 177/396/283 
f 767/392/283 177/396/283 175/397/283 
f 175/397/283 173/398/283 767/392/283 
f 767/392/283 173/398/283 171/399/283 
f 767/392/283 171/399/283 169/400/283 
f 169/400/283 167/401/283 767/392/283 
f 767/392/283 167/401/283 165/402/283 
f 767/392/283 165/402/283 163/403/283 
f 163/403/283 161/404/283 767/392/283 
f 767/392/283 161/404/283 159/405/283 
f 767/392/283 159/405/283 157/406/283 
f 157/406/283 155/407/283 767/392/283 
f 767/392/283 155/407/283 153/408/283 
f 767/392/283 153/408/283 151/409/283 
f 151/409/283 149/410/283 767/392/283 
f 767/392/283 149/410/283 147/411/283 
f 767/392/283 147/411/283 145/412/283 
f 145/412/283 143/413/283 767/392/283 
f 767/392/283 143/413/283 141/414/283 
f 767/392/283 141/414/283 139/415/283 
f 139/415/283 137/416/283 767/392/283 
f 767/392/283 137/416/283 135/417/283 
f 767/392/283 135/417/283 133/418/283 
f 133/418/283 131/419/283 767/392/283 
f 767/392/283 131/419/283 129/420/283 
f 767/392/283 129/420/283 127/421/283 
f 127/421/283 125/422/283 767/392/283 
f 767/392/283 125/422/283 123/423/283 
f 767/392/283 123/423/283 121/424/283 
f 121/424/283 119/425/283 767/392/283 
f 767/392/283 119/425/283 117/426/283 
f 767/392/283 117/426/283 115/427/283 
f 115/427/283 113/428/283 767/392/283 
f 767/392/283 113/428/283 111/429/283 
f 767/392/283 111/429/283 109/430/283 
f 109/430/283 107/431/283 767/392/283 
f 767/392/283 107/431/283 673/432/283 
f 673/432/283 107/431/283 105/433/283 
f 673/432/283 105/433/283 103/434/283 
f 103/434/283 101/435/283 673/432/283 
f 673/432/283 101/435/283 99/436/283 
f 673/432/283 99/436/283 97/437/283 
f 97/437/283 95/438/283 673/432/283 
f 673/432/283 95/438/283 93/439/283 
f 673/432/283 93/439/283 91/440/283 
f 91/440/283 89/441/283 673/432/283 
f 673/432/283 89/441/283 87/442/283 
f 673/432/283 87/442/283 85/443/283 
f 85/443/283 83/444/283 673/432/283 
f 673/432/283 83/444/283 81/445/283 
f 673/432/283 81/445/283 189/446/283 
f 189/446/283 81/445/283 79/447/283 
f 189/446/283 79/447/283 77/448/283 
f 77/448/283 75/449/283 189/446/283 
f 189/446/283 75/449/283 73/450/283 
f 189/446/283 73/450/283 71/451/283 
f 71/451/283 69/452/283 189/446/283 
f 189/446/283 69/452/283 67/453/283 
f 189/446/283 67/453/283 65/454/283 
f 65/454/283 63/455/283 189/446/283 
f 189/446/283 63/455/283 61/456/283 
f 189/446/283 61/456/283 59/457/283 
f 59/457/283 57/458/283 189/446/283 
f 189/446/283 57/458/283 55/459/283 
f 189/446/283 55/459/283 53/460/283 
f 53/460/283 51/461/283 189/446/283 
f 189/446/283 51/461/283 49/462/283 
f 189/446/283 49/462/283 47/463/283 
f 47/463/283 45/464/283 189/446/283 
f 189/446/283 45/464/283 43/465/283 
f 189/446/283 43/465/283 41/466/283 
f 41/466/283 39/467/283 189/446/283 
f 189/446/283 39/467/283 37/468/283 
f 189/446/283 37/468/283 35/469/283 
f 35/469/283 33/470/283 189/446/283 
f 189/446/283 33/470/283 31/471/283 
f 189/446/283 31/471/283 29/472/283 
f 29/472/283 27/473/283 189/446/283 
f 189/446/283 27/473/283 25/474/283 
f 189/446/283 25/474/283 23/475/283 
f 23/475/283 21/476/283 189/446/283 
f 189/446/283 21/476/283 19/477/283 
f 189/446/283 19/477/283 17/478/283 
f 17/478/283 15/479/283 189/446/283 
f 189/446/283 15/479/283 13/480/283 
f 189/446/283 13/480/283 11/481/283 
f 11/481/283 9/482/283 189/446/283 
f 189/446/283 9/482/283 7/483/283 
f 189/446/283 7/483/283 5/484/283 
f 5/484/283 2/485/283 189/446/283 
f 189/446/283 2/485/283 1/486/283 
f 189/446/283 191/487/283 673/432/283 
f 673/432/283 191/487/283 674/488/283 
f 674/488/283 191/487/283 677/489/283 
f 677/489/283 191/487/283 679/490/283 
f 679/490/283 191/487/283 681/491/283 
f 681/491/283 191/487/283 683/492/283 
f 683/492/283 191/487/283 685/493/283 
f 685/493/283 191/487/283 687/494/283 
f 687/494/283 191/487/283 689/495/283 
f 689/495/283 191/487/283 691/496/283 
f 691/496/283 191/487/283 693/497/283 
f 693/497/283 191/487/283 695/498/283 
f 695/498/283 191/487/283 697/499/283 
f 697/499/283 191/487/283 699/500/283 
f 699/500/283 191/487/283 701/501/283 
f 701/501/283 191/487/283 703/502/283 
f 703/502/283 191/487/283 705/503/283 
f 705/503/283 191/487/283 707/504/283 
f 707/504/283 191/487/283 709/505/283 
f 709/505/283 191/487/283 711/506/283 
f 711/506/283 191/487/283 713/507/283 
f 713/507/283 191/487/283 715/508/283 
f 715/508/283 191/487/283 717/509/283 
f 717/509/283 191/487/283 719/510/283 
f 719/510/283 191/487/283 721/511/283 
f 721/511/283 191/487/283 723/512/283 
f 723/512/283 191/487/283 725/513/283 
f 725/513/283 191/487/283 727/514/283 
f 727/514/283 191/487/283 729/515/283 
f 729/515/283 191/487/283 731/516/283 
f 731/516/283 191/487/283 733/517/283 
f 733/517/283 191/487/283 736/518/283 
f 736/518/283 191/487/283 738/519/283 
f 738/519/283 191/487/283 739/520/283 
f 739/520/283 191/487/283 741/521/283 
f 741/521/283 191/487/283 743/522/283 
f 743/522/283 191/487/283 745/523/283 
f 745/523/283 191/487/283 747/524/283 
f 747/524/283 191/487/283 749/525/283 
f 749/525/283 191/487/283 751/526/283 
f 751/526/283 191/487/283 753/527/283 
f 753/527/283 191/487/283 755/528/283 
f 755/528/283 191/487/283 757/529/283 
f 757/529/283 191/487/283 759/530/283 
f 759/530/283 191/487/283 761/531/283 
f 761/531/283 191/487/283 763/532/283 
f 763/532/283 191/487/283 765/533/283 
f 765/533/283 191/487/283 671/534/283 
f 671/534/283 191/487/283 193/535/283 
f 671/534/283 193/535/283 287/536/283 
f 191/487/283 285/537/283 193/535/283 
f 193/535/283 285/537/283 283/538/283 
f 193/535/283 283/538/283 281/539/283 
f 281/539/283 279/540/283 193/535/283 
f 193/535/283 279/540/283 277/541/283 
f 193/535/283 277/541/283 275/542/283 
f 275/542/283 273/543/283 193/535/283 
f 193/535/283 273/543/283 271/544/283 
f 193/535/283 271/544/283 269/545/283 
f 269/545/283 267/546/283 193/535/283 
f 193/535/283 267/546/283 265/547/283 
f 193/535/283 265/547/283 263/548/283 
f 263/548/283 261/549/283 193/535/283 
f 193/535/283 261/549/283 259/550/283 
f 193/535/283 259/550/283 257/551/283 
f 257/551/283 255/552/283 193/535/283 
f 193/535/283 255/552/283 253/553/283 
f 193/535/283 253/553/283 251/554/283 
f 251/554/283 249/555/283 193/535/283 
f 193/535/283 249/555/283 247/556/283 
f 193/535/283 247/556/283 245/557/283 
f 245/557/283 243/558/283 193/535/283 
f 193/535/283 243/558/283 241/559/283 
f 193/535/283 241/559/283 239/560/283 
f 239/560/283 237/561/283 193/535/283 
f 193/535/283 237/561/283 235/562/283 
f 193/535/283 235/562/283 233/563/283 
f 233/563/283 231/564/283 193/535/283 
f 193/535/283 231/564/283 229/565/283 
f 193/535/283 229/565/283 228/566/283 
f 228/566/283 226/567/283 193/535/283 
f 193/535/283 226/567/283 223/568/283 
f 193/535/283 223/568/283 221/569/283 
f 221/569/283 219/570/283 193/535/283 
f 193/535/283 219/570/283 217/571/283 
f 193/535/283 217/571/283 215/572/283 
f 215/572/283 213/573/283 193/535/283 
f 193/535/283 213/573/283 211/574/283 
f 193/535/283 211/574/283 209/575/283 
f 209/575/283 207/576/283 193/535/283 
f 193/535/283 207/576/283 205/577/283 
f 193/535/283 205/577/283 203/578/283 
f 203/578/283 201/579/283 193/535/283 
f 193/535/283 201/579/283 199/580/283 
f 193/535/283 199/580/283 197/581/283 
f 197/581/283 194/582/283 193/535/283 
f 381/583/283 379/584/283 287/536/283 
f 287/536/283 379/584/283 377/585/283 
f 287/536/283 377/585/283 375/586/283 
f 375/586/283 373/587/283 287/536/283 
f 287/536/283 373/587/283 371/588/283 
f 287/536/283 371/588/283 369/589/283 
f 369/589/283 367/590/283 287/536/283 
f 287/536/283 367/590/283 365/591/283 
f 287/536/283 365/591/283 363/592/283 
f 363/592/283 361/593/283 287/536/283 
f 287/536/283 361/593/283 359/594/283 
f 287/536/283 359/594/283 357/595/283 
f 357/595/283 355/596/283 287/536/283 
f 287/536/283 355/596/283 353/597/283 
f 287/536/283 353/597/283 351/598/283 
f 351/598/283 349/599/283 287/536/283 
f 287/536/283 349/599/283 347/600/283 
f 287/536/283 347/600/283 345/601/283 
f 345/601/283 343/602/283 287/536/283 
f 287/536/283 343/602/283 341/603/283 
f 287/536/283 341/603/283 339/604/283 
f 339/604/283 337/605/283 287/536/283 
f 287/536/283 337/605/283 335/606/283 
f 287/536/283 335/606/283 333/607/283 
f 333/607/283 331/608/283 287/536/283 
f 287/536/283 331/608/283 329/609/283 
f 287/536/283 329/609/283 327/610/283 
f 327/610/283 325/611/283 287/536/283 
f 287/536/283 325/611/283 324/612/283 
f 287/536/283 324/612/283 322/613/283 
f 322/613/283 319/614/283 287/536/283 
f 287/536/283 319/614/283 317/615/283 
f 287/536/283 317/615/283 315/616/283 
f 315/616/283 313/617/283 287/536/283 
f 287/536/283 313/617/283 311/618/283 
f 287/536/283 311/618/283 309/619/283 
f 309/619/283 307/620/283 287/536/283 
f 287/536/283 307/620/283 305/621/283 
f 287/536/283 305/621/283 303/622/283 
f 303/622/283 301/623/283 287/536/283 
f 287/536/283 301/623/283 299/624/283 
f 287/536/283 299/624/283 297/625/283 
f 297/625/283 295/626/283 287/536/283 
f 287/536/283 295/626/283 293/627/283 
f 287/536/283 293/627/283 290/628/283 
f 290/628/283 289/629/283 287/536/283 
f 287/536/283 289/629/283 577/630/283 
f 287/536/283 577/630/283 671/534/283 
f 383/631/283 575/632/283 289/629/283 
f 289/629/283 575/632/283 669/633/283 
f 289/629/283 669/633/283 667/634/283 
f 385/635/283 572/636/283 383/631/283 
f 383/631/283 572/636/283 569/637/283 
f 383/631/283 569/637/283 567/638/283 
f 567/638/283 565/639/283 383/631/283 
f 383/631/283 565/639/283 563/640/283 
f 383/631/283 563/640/283 561/641/283 
f 561/641/283 559/642/283 383/631/283 
f 383/631/283 559/642/283 557/643/283 
f 383/631/283 557/643/283 555/644/283 
f 555/644/283 553/645/283 383/631/283 
f 383/631/283 553/645/283 551/646/283 
f 383/631/283 551/646/283 549/647/283 
f 549/647/283 547/648/283 383/631/283 
f 383/631/283 547/648/283 545/649/283 
f 383/631/283 545/649/283 543/650/283 
f 543/650/283 541/651/283 383/631/283 
f 383/631/283 541/651/283 539/652/283 
f 383/631/283 539/652/283 537/653/283 
f 537/653/283 535/654/283 383/631/283 
f 383/631/283 535/654/283 533/655/283 
f 383/631/283 533/655/283 531/656/283 
f 531/656/283 529/657/283 383/631/283 
f 383/631/283 529/657/283 527/658/283 
f 383/631/283 527/658/283 525/659/283 
f 525/659/283 523/660/283 383/631/283 
f 383/631/283 523/660/283 521/661/283 
f 383/631/283 521/661/283 519/662/283 
f 519/662/283 517/663/283 383/631/283 
f 383/631/283 517/663/283 515/664/283 
f 383/631/283 515/664/283 513/665/283 
f 513/665/283 511/666/283 383/631/283 
f 383/631/283 511/666/283 509/667/283 
f 383/631/283 509/667/283 507/668/283 
f 507/668/283 505/669/283 383/631/283 
f 383/631/283 505/669/283 503/670/283 
f 383/631/283 503/670/283 501/671/283 
f 501/671/283 499/672/283 383/631/283 
f 383/631/283 499/672/283 497/673/283 
f 383/631/283 497/673/283 495/674/283 
f 495/674/283 493/675/283 383/631/283 
f 383/631/283 493/675/283 575/632/283 
f 493/675/283 491/676/283 575/632/283 
f 575/632/283 491/676/283 489/677/283 
f 575/632/283 489/677/283 487/678/283 
f 487/678/283 485/679/283 575/632/283 
f 575/632/283 485/679/283 483/680/283 
f 575/632/283 483/680/283 481/681/283 
f 481/681/283 479/682/283 575/632/283 
f 575/632/283 479/682/283 477/683/283 
f 575/632/283 477/683/283 475/684/283 
f 475/684/283 473/685/283 575/632/283 
f 575/632/283 473/685/283 471/686/283 
f 575/632/283 471/686/283 469/687/283 
f 469/687/283 467/688/283 575/632/283 
f 575/632/283 467/688/283 573/689/283 
f 573/689/283 467/688/283 465/690/283 
f 573/689/283 465/690/283 463/691/283 
f 463/691/283 461/692/283 573/689/283 
f 573/689/283 461/692/283 459/693/283 
f 573/689/283 459/693/283 457/694/283 
f 457/694/283 455/695/283 573/689/283 
f 573/689/283 455/695/283 453/696/283 
f 573/689/283 453/696/283 451/697/283 
f 451/697/283 449/698/283 573/689/283 
f 573/689/283 449/698/283 447/699/283 
f 573/689/283 447/699/283 445/700/283 
f 445/700/283 443/701/283 573/689/283 
f 573/689/283 443/701/283 441/702/283 
f 573/689/283 441/702/283 439/703/283 
f 439/703/283 437/704/283 573/689/283 
f 573/689/283 437/704/283 435/705/283 
f 573/689/283 435/705/283 433/706/283 
f 433/706/283 431/707/283 573/689/283 
f 573/689/283 431/707/283 429/708/283 
f 573/689/283 429/708/283 427/709/283 
f 427/709/283 425/710/283 573/689/283 
f 573/689/283 425/710/283 423/711/283 
f 573/689/283 423/711/283 421/712/283 
f 421/712/283 419/713/283 573/689/283 
f 573/689/283 419/713/283 417/714/283 
f 573/689/283 417/714/283 415/715/283 
f 415/715/283 413/716/283 573/689/283 
f 573/689/283 413/716/283 411/717/283 
f 573/689/283 411/717/283 409/718/283 
f 409/718/283 407/719/283 573/689/283 
f 573/689/283 407/719/283 405/720/283 
f 573/689/283 405/720/283 403/721/283 
f 403/721/283 401/722/283 573/689/283 
f 573/689/283 401/722/283 399/723/283 
f 573/689/283 399/723/283 397/724/283 
f 397/724/283 395/725/283 573/689/283 
f 573/689/283 395/725/283 393/726/283 
f 573/689/283 393/726/283 391/727/283 
f 391/727/283 388/728/283 573/689/283 
f 573/689/283 388/728/283 387/729/283 
f 667/634/283 665/730/283 289/629/283 
f 289/629/283 665/730/283 663/731/283 
f 289/629/283 663/731/283 661/732/283 
f 661/732/283 659/733/283 289/629/283 
f 289/629/283 659/733/283 657/734/283 
f 289/629/283 657/734/283 655/735/283 
f 655/735/283 653/736/283 289/629/283 
f 289/629/283 653/736/283 651/737/283 
f 289/629/283 651/737/283 649/738/283 
f 649/738/283 647/739/283 289/629/283 
f 289/629/283 647/739/283 645/740/283 
f 289/629/283 645/740/283 643/741/283 
f 643/741/283 642/742/283 289/629/283 
f 289/629/283 642/742/283 640/743/283 
f 289/629/283 640/743/283 637/744/283 
f 637/744/283 635/745/283 289/629/283 
f 289/629/283 635/745/283 633/746/283 
f 289/629/283 633/746/283 631/747/283 
f 631/747/283 629/748/283 289/629/283 
f 289/629/283 629/748/283 627/749/283 
f 289/629/283 627/749/283 625/750/283 
f 625/750/283 623/751/283 289/629/283 
f 289/629/283 623/751/283 621/752/283 
f 289/629/283 621/752/283 619/753/283 
f 619/753/283 617/754/283 289/629/283 
f 289/629/283 617/754/283 615/755/283 
f 289/629/283 615/755/283 613/756/283 
f 613/756/283 611/757/283 289/629/283 
f 289/629/283 611/757/283 609/758/283 
f 289/629/283 609/758/283 607/759/283 
f 607/759/283 605/760/283 289/629/283 
f 289/629/283 605/760/283 603/761/283 
f 289/629/283 603/761/283 601/762/283 
f 601/762/283 599/763/283 289/629/283 
f 289/629/283 599/763/283 597/764/283 
f 289/629/283 597/764/283 595/765/283 
f 595/765/283 593/766/283 289/629/283 
f 289/629/283 593/766/283 591/767/283 
f 289/629/283 591/767/283 589/768/283 
f 589/768/283 587/769/283 289/629/283 
f 289/629/283 587/769/283 585/770/283 
f 289/629/283 585/770/283 583/771/283 
f 583/771/283 581/772/283 289/629/283 
f 289/629/283 581/772/283 578/773/283 
f 289/629/283 578/773/283 577/630/283 
f 187/729/284 768/689/284 185/728/284 
f 185/728/284 768/689/284 184/727/284 
f 184/727/284 768/689/284 182/726/284 
f 182/726/284 768/689/284 180/725/284 
f 180/725/284 768/689/284 178/724/284 
f 178/724/284 768/689/284 176/723/284 
f 176/723/284 768/689/284 174/722/284 
f 174/722/284 768/689/284 172/721/284 
f 172/721/284 768/689/284 170/720/284 
f 170/720/284 768/689/284 168/719/284 
f 168/719/284 768/689/284 166/718/284 
f 166/718/284 768/689/284 164/717/284 
f 164/717/284 768/689/284 162/716/284 
f 162/716/284 768/689/284 160/715/284 
f 160/715/284 768/689/284 158/714/284 
f 158/714/284 768/689/284 156/713/284 
f 156/713/284 768/689/284 154/712/284 
f 154/712/284 768/689/284 152/711/284 
f 152/711/284 768/689/284 150/710/284 
f 150/710/284 768/689/284 148/709/284 
f 148/709/284 768/689/284 146/708/284 
f 146/708/284 768/689/284 144/707/284 
f 144/707/284 768/689/284 142/706/284 
f 142/706/284 768/689/284 140/705/284 
f 140/705/284 768/689/284 138/704/284 
f 138/704/284 768/689/284 136/703/284 
f 136/703/284 768/689/284 134/702/284 
f 134/702/284 768/689/284 132/701/284 
f 132/701/284 768/689/284 130/700/284 
f 130/700/284 768/689/284 128/699/284 
f 128/699/284 768/689/284 126/698/284 
f 126/698/284 768/689/284 124/697/284 
f 124/697/284 768/689/284 122/696/284 
f 122/696/284 768/689/284 120/695/284 
f 120/695/284 768/689/284 118/694/284 
f 118/694/284 768/689/284 116/693/284 
f 116/693/284 768/689/284 114/692/284 
f 114/692/284 768/689/284 112/691/284 
f 112/691/284 768/689/284 110/690/284 
f 110/690/284 768/689/284 108/688/284 
f 108/688/284 768/689/284 675/632/284 
f 108/688/284 675/632/284 106/687/284 
f 106/687/284 675/632/284 104/686/284 
f 104/686/284 675/632/284 102/685/284 
f 102/685/284 675/632/284 100/684/284 
f 100/684/284 675/632/284 98/683/284 
f 98/683/284 675/632/284 96/682/284 
f 96/682/284 675/632/284 94/681/284 
f 94/681/284 675/632/284 92/680/284 
f 92/680/284 675/632/284 90/679/284 
f 90/679/284 675/632/284 88/678/284 
f 88/678/284 675/632/284 86/677/284 
f 86/677/284 675/632/284 84/676/284 
f 84/676/284 675/632/284 82/675/284 
f 82/675/284 675/632/284 190/631/284 
f 82/675/284 190/631/284 80/674/284 
f 80/674/284 190/631/284 78/673/284 
f 78/673/284 190/631/284 76/672/284 
f 76/672/284 190/631/284 74/671/284 
f 74/671/284 190/631/284 72/670/284 
f 72/670/284 190/631/284 70/669/284 
f 70/669/284 190/631/284 68/668/284 
f 68/668/284 190/631/284 66/667/284 
f 66/667/284 190/631/284 64/666/284 
f 64/666/284 190/631/284 62/665/284 
f 62/665/284 190/631/284 60/664/284 
f 60/664/284 190/631/284 58/663/284 
f 58/663/284 190/631/284 56/662/284 
f 56/662/284 190/631/284 54/661/284 
f 54/661/284 190/631/284 52/660/284 
f 52/660/284 190/631/284 50/659/284 
f 50/659/284 190/631/284 48/658/284 
f 48/658/284 190/631/284 46/657/284 
f 46/657/284 190/631/284 44/656/284 
f 44/656/284 190/631/284 42/655/284 
f 42/655/284 190/631/284 40/654/284 
f 40/654/284 190/631/284 38/653/284 
f 38/653/284 190/631/284 36/652/284 
f 36/652/284 190/631/284 34/651/284 
f 34/651/284 190/631/284 32/650/284 
f 32/650/284 190/631/284 30/649/284 
f 30/649/284 190/631/284 28/648/284 
f 28/648/284 190/631/284 26/647/284 
f 26/647/284 190/631/284 24/646/284 
f 24/646/284 190/631/284 22/645/284 
f 22/645/284 190/631/284 20/644/284 
f 20/644/284 190/631/284 18/643/284 
f 18/643/284 190/631/284 16/642/284 
f 16/642/284 190/631/284 14/641/284 
f 14/641/284 190/631/284 12/640/284 
f 12/640/284 190/631/284 10/639/284 
f 10/639/284 190/631/284 8/638/284 
f 8/638/284 190/631/284 6/637/284 
f 6/637/284 190/631/284 4/636/284 
f 4/636/284 190/631/284 3/635/284 
f 190/631/284 675/632/284 192/629/284 
f 192/629/284 675/632/284 676/633/284 
f 192/629/284 676/633/284 678/634/284 
f 678/634/284 680/730/284 192/629/284 
f 192/629/284 680/730/284 682/731/284 
f 192/629/284 682/731/284 684/732/284 
f 684/732/284 686/733/284 192/629/284 
f 192/629/284 686/733/284 688/734/284 
f 192/629/284 688/734/284 690/735/284 
f 690/735/284 692/736/284 192/629/284 
f 192/629/284 692/736/284 694/737/284 
f 192/629/284 694/737/284 696/738/284 
f 696/738/284 698/739/284 192/629/284 
f 192/629/284 698/739/284 700/740/284 
f 192/629/284 700/740/284 702/741/284 
f 702/741/284 704/742/284 192/629/284 
f 192/629/284 704/742/284 706/743/284 
f 192/629/284 706/743/284 708/744/284 
f 708/744/284 710/745/284 192/629/284 
f 192/629/284 710/745/284 712/746/284 
f 192/629/284 712/746/284 714/747/284 
f 714/747/284 716/748/284 192/629/284 
f 192/629/284 716/748/284 718/749/284 
f 192/629/284 718/749/284 720/750/284 
f 720/750/284 722/751/284 192/629/284 
f 192/629/284 722/751/284 724/752/284 
f 192/629/284 724/752/284 726/753/284 
f 726/753/284 728/754/284 192/629/284 
f 192/629/284 728/754/284 730/755/284 
f 192/629/284 730/755/284 732/756/284 
f 732/756/284 734/757/284 192/629/284 
f 192/629/284 734/757/284 735/758/284 
f 192/629/284 735/758/284 737/759/284 
f 737/759/284 740/760/284 192/629/284 
f 192/629/284 740/760/284 742/761/284 
f 192/629/284 742/761/284 744/762/284 
f 744/762/284 746/763/284 192/629/284 
f 192/629/284 746/763/284 748/764/284 
f 192/629/284 748/764/284 750/765/284 
f 750/765/284 752/766/284 192/629/284 
f 192/629/284 752/766/284 754/767/284 
f 192/629/284 754/767/284 756/768/284 
f 756/768/284 758/769/284 192/629/284 
f 192/629/284 758/769/284 760/770/284 
f 192/629/284 760/770/284 762/771/284 
f 762/771/284 764/772/284 192/629/284 
f 192/629/284 764/772/284 766/773/284 
f 192/629/284 766/773/284 672/630/284 
f 192/629/284 672/630/284 195/536/284 
f 195/536/284 672/630/284 579/534/284 
f 195/536/284 579/534/284 288/535/284 
f 288/535/284 579/534/284 291/487/284 
f 288/535/284 291/487/284 292/537/284 
f 579/534/284 580/533/284 291/487/284 
f 291/487/284 580/533/284 582/532/284 
f 291/487/284 582/532/284 584/531/284 
f 584/531/284 586/530/284 291/487/284 
f 291/487/284 586/530/284 588/529/284 
f 291/487/284 588/529/284 590/528/284 
f 590/528/284 592/527/284 291/487/284 
f 291/487/284 592/527/284 594/526/284 
f 291/487/284 594/526/284 596/525/284 
f 596/525/284 598/524/284 291/487/284 
f 291/487/284 598/524/284 600/523/284 
f 291/487/284 600/523/284 602/522/284 
f 602/522/284 604/521/284 291/487/284 
f 291/487/284 604/521/284 606/520/284 
f 291/487/284 606/520/284 608/519/284 
f 608/519/284 610/518/284 291/487/284 
f 291/487/284 610/518/284 612/517/284 
f 291/487/284 612/517/284 614/516/284 
f 614/516/284 616/515/284 291/487/284 
f 291/487/284 616/515/284 618/514/284 
f 291/487/284 618/514/284 620/513/284 
f 620/513/284 622/512/284 291/487/284 
f 291/487/284 622/512/284 624/511/284 
f 291/487/284 624/511/284 626/510/284 
f 626/510/284 628/509/284 291/487/284 
f 291/487/284 628/509/284 630/508/284 
f 291/487/284 630/508/284 632/507/284 
f 632/507/284 634/506/284 291/487/284 
f 291/487/284 634/506/284 636/505/284 
f 291/487/284 636/505/284 638/504/284 
f 638/504/284 639/503/284 291/487/284 
f 291/487/284 639/503/284 641/502/284 
f 291/487/284 641/502/284 644/501/284 
f 644/501/284 646/500/284 291/487/284 
f 291/487/284 646/500/284 648/499/284 
f 291/487/284 648/499/284 650/498/284 
f 650/498/284 652/497/284 291/487/284 
f 291/487/284 652/497/284 654/496/284 
f 291/487/284 654/496/284 656/495/284 
f 656/495/284 658/494/284 291/487/284 
f 291/487/284 658/494/284 660/493/284 
f 291/487/284 660/493/284 662/492/284 
f 662/492/284 664/491/284 291/487/284 
f 291/487/284 664/491/284 666/490/284 
f 291/487/284 666/490/284 668/489/284 
f 668/489/284 670/488/284 291/487/284 
f 291/487/284 670/488/284 576/432/284 
f 291/487/284 576/432/284 384/446/284 
f 384/446/284 576/432/284 494/445/284 
f 384/446/284 494/445/284 496/447/284 
f 574/392/284 468/431/284 576/432/284 
f 576/432/284 468/431/284 470/433/284 
f 576/432/284 470/433/284 472/434/284 
f 389/390/284 390/391/284 574/392/284 
f 574/392/284 390/391/284 392/393/284 
f 574/392/284 392/393/284 394/394/284 
f 394/394/284 396/395/284 574/392/284 
f 574/392/284 396/395/284 398/396/284 
f 574/392/284 398/396/284 400/397/284 
f 400/397/284 402/398/284 574/392/284 
f 574/392/284 402/398/284 404/399/284 
f 574/392/284 404/399/284 406/400/284 
f 406/400/284 408/401/284 574/392/284 
f 574/392/284 408/401/284 410/402/284 
f 574/392/284 410/402/284 412/403/284 
f 412/403/284 414/404/284 574/392/284 
f 574/392/284 414/404/284 416/405/284 
f 574/392/284 416/405/284 418/406/284 
f 418/406/284 420/407/284 574/392/284 
f 574/392/284 420/407/284 422/408/284 
f 574/392/284 422/408/284 424/409/284 
f 424/409/284 426/410/284 574/392/284 
f 574/392/284 426/410/284 428/411/284 
f 574/392/284 428/411/284 430/412/284 
f 430/412/284 432/413/284 574/392/284 
f 574/392/284 432/413/284 434/414/284 
f 574/392/284 434/414/284 436/415/284 
f 436/415/284 438/416/284 574/392/284 
f 574/392/284 438/416/284 440/417/284 
f 574/392/284 440/417/284 442/418/284 
f 442/418/284 444/419/284 574/392/284 
f 574/392/284 444/419/284 446/420/284 
f 574/392/284 446/420/284 448/421/284 
f 448/421/284 450/422/284 574/392/284 
f 574/392/284 450/422/284 452/423/284 
f 574/392/284 452/423/284 454/424/284 
f 454/424/284 456/425/284 574/392/284 
f 574/392/284 456/425/284 458/426/284 
f 574/392/284 458/426/284 460/427/284 
f 460/427/284 462/428/284 574/392/284 
f 574/392/284 462/428/284 464/429/284 
f 574/392/284 464/429/284 466/430/284 
f 466/430/284 468/431/284 574/392/284 
f 472/434/284 474/435/284 576/432/284 
f 576/432/284 474/435/284 476/436/284 
f 576/432/284 476/436/284 478/437/284 
f 478/437/284 480/438/284 576/432/284 
f 576/432/284 480/438/284 482/439/284 
f 576/432/284 482/439/284 484/440/284 
f 484/440/284 486/441/284 576/432/284 
f 576/432/284 486/441/284 488/442/284 
f 576/432/284 488/442/284 490/443/284 
f 490/443/284 492/444/284 576/432/284 
f 576/432/284 492/444/284 494/445/284 
f 496/447/284 498/448/284 384/446/284 
f 384/446/284 498/448/284 500/449/284 
f 384/446/284 500/449/284 502/450/284 
f 502/450/284 504/451/284 384/446/284 
f 384/446/284 504/451/284 506/452/284 
f 384/446/284 506/452/284 508/453/284 
f 508/453/284 510/454/284 384/446/284 
f 384/446/284 510/454/284 512/455/284 
f 384/446/284 512/455/284 514/456/284 
f 514/456/284 516/457/284 384/446/284 
f 384/446/284 516/457/284 518/458/284 
f 384/446/284 518/458/284 520/459/284 
f 520/459/284 522/460/284 384/446/284 
f 384/446/284 522/460/284 524/461/284 
f 384/446/284 524/461/284 526/462/284 
f 526/462/284 528/463/284 384/446/284 
f 384/446/284 528/463/284 530/464/284 
f 384/446/284 530/464/284 532/465/284 
f 532/465/284 534/466/284 384/446/284 
f 384/446/284 534/466/284 536/467/284 
f 384/446/284 536/467/284 538/468/284 
f 538/468/284 540/469/284 384/446/284 
f 384/446/284 540/469/284 542/470/284 
f 384/446/284 542/470/284 544/471/284 
f 544/471/284 546/472/284 384/446/284 
f 384/446/284 546/472/284 548/473/284 
f 384/446/284 548/473/284 550/474/284 
f 550/474/284 552/475/284 384/446/284 
f 384/446/284 552/475/284 554/476/284 
f 384/446/284 554/476/284 556/477/284 
f 556/477/284 558/478/284 384/446/284 
f 384/446/284 558/478/284 560/479/284 
f 384/446/284 560/479/284 562/480/284 
f 562/480/284 564/481/284 384/446/284 
f 384/446/284 564/481/284 566/482/284 
f 384/446/284 566/482/284 568/483/284 
f 568/483/284 570/484/284 384/446/284 
f 384/446/284 570/484/284 571/485/284 
f 384/446/284 571/485/284 386/486/284 
f 292/537/284 294/538/284 288/535/284 
f 288/535/284 294/538/284 296/539/284 
f 288/535/284 296/539/284 298/540/284 
f 298/540/284 300/541/284 288/535/284 
f 288/535/284 300/541/284 302/542/284 
f 288/535/284 302/542/284 304/543/284 
f 304/543/284 306/544/284 288/535/284 
f 288/535/284 306/544/284 308/545/284 
f 288/535/284 308/545/284 310/546/284 
f 310/546/284 312/547/284 288/535/284 
f 288/535/284 312/547/284 314/548/284 
f 288/535/284 314/548/284 316/549/284 
f 316/549/284 318/550/284 288/535/284 
f 288/535/284 318/550/284 320/551/284 
f 288/535/284 320/551/284 321/552/284 
f 321/552/284 323/553/284 288/535/284 
f 288/535/284 323/553/284 326/554/284 
f 288/535/284 326/554/284 328/555/284 
f 328/555/284 330/556/284 288/535/284 
f 288/535/284 330/556/284 332/557/284 
f 288/535/284 332/557/284 334/558/284 
f 334/558/284 336/559/284 288/535/284 
f 288/535/284 336/559/284 338/560/284 
f 288/535/284 338/560/284 340/561/284 
f 340/561/284 342/562/284 288/535/284 
f 288/535/284 342/562/284 344/563/284 
f 288/535/284 344/563/284 346/564/284 
f 346/564/284 348/565/284 288/535/284 
f 288/535/284 348/565/284 350/566/284 
f 288/535/284 350/566/284 352/567/284 
f 352/567/284 354/568/284 288/535/284 
f 288/535/284 354/568/284 356/569/284 
f 288/535/284 356/569/284 358/570/284 
f 358/570/284 360/571/284 288/535/284 
f 288/535/284 360/571/284 362/572/284 
f 288/535/284 362/572/284 364/573/284 
f 364/573/284 366/574/284 288/535/284 
f 288/535/284 366/574/284 368/575/284 
f 288/535/284 368/575/284 370/576/284 
f 370/576/284 372/577/284 288/535/284 
f 288/535/284 372/577/284 374/578/284 
f 288/535/284 374/578/284 376/579/284 
f 376/579/284 378/580/284 288/535/284 
f 288/535/284 378/580/284 380/581/284 
f 288/535/284 380/581/284 382/582/284 
f 196/583/284 198/584/284 195/536/284 
f 195/536/284 198/584/284 200/585/284 
f 195/536/284 200/585/284 202/586/284 
f 202/586/284 204/587/284 195/536/284 
f 195/536/284 204/587/284 206/588/284 
f 195/536/284 206/588/284 208/589/284 
f 208/589/284 210/590/284 195/536/284 
f 195/536/284 210/590/284 212/591/284 
f 195/536/284 212/591/284 214/592/284 
f 214/592/284 216/593/284 195/536/284 
f 195/536/284 216/593/284 218/594/284 
f 195/536/284 218/594/284 220/595/284 
f 220/595/284 222/596/284 195/536/284 
f 195/536/284 222/596/284 224/597/284 
f 195/536/284 224/597/284 225/598/284 
f 225/598/284 227/599/284 195/536/284 
f 195/536/284 227/599/284 230/600/284 
f 195/536/284 230/600/284 232/601/284 
f 232/601/284 234/602/284 195/536/284 
f 195/536/284 234/602/284 236/603/284 
f 195/536/284 236/603/284 238/604/284 
f 238/604/284 240/605/284 195/536/284 
f 195/536/284 240/605/284 242/606/284 
f 195/536/284 242/606/284 244/607/284 
f 244/607/284 246/608/284 195/536/284 
f 195/536/284 246/608/284 248/609/284 
f 195/536/284 248/609/284 250/610/284 
f 250/610/284 252/611/284 195/536/284 
f 195/536/284 252/611/284 254/612/284 
f 195/536/284 254/612/284 256/613/284 
f 256/613/284 258/614/284 195/536/284 
f 195/536/284 258/614/284 260/615/284 
f 195/536/284 260/615/284 262/616/284 
f 262/616/284 264/617/284 195/536/284 
f 195/536/284 264/617/284 266/618/284 
f 195/536/284 266/618/284 268/619/284 
f 268/619/284 270/620/284 195/536/284 
f 195/536/284 270/620/284 272/621/284 
f 195/536/284 272/621/284 274/622/284 
f 274/622/284 276/623/284 195/536/284 
f 195/536/284 276/623/284 278/624/284 
f 195/536/284 278/624/284 280/625/284 
f 280/625/284 282/626/284 195/536/284 
f 195/536/284 282/626/284 284/627/284 
f 195/536/284 284/627/284 286/628/284 
f 286/628/284 192/629/284 195/536/284 
# 0 polygons - 1532 triangles

