# FILE KH 919.obj
mtllib KH 919.mtl
trace_obj KH 919.obj
shadow_obj KH 919.obj

g Конструктив_-_Стены_Несущие Кирпич_-_Красный FLAT_PART

usemtl Кирпич_-_Красный

v 0 -5.50541 -99.6438
v 150 -5.50541 -99.6438
v 150 -5.50541 -96.6622
v 0 -5.50541 -96.6622
v 0 -7.75922 -92
v 150 -7.75922 -92
v 150 -11.2234 -89.3759
v 0 -11.2234 -89.3759
v 0 -13.4133 -82.6967
v 150 -13.4133 -82.6967
v 150 -12.9074 -81.5994
v 0 -12.9074 -81.5994
v 0 -11.2047 -80.05
v 150 -11.2047 -80.05
v 150 -9.24429 -79.0115
v 0 -9.24429 -79.0115
v 0 -8.95765 -78.5893
v 150 -8.95765 -78.5893
v 150 -8.95765 -78.2891
v 0 -8.95765 -78.2891
v 0 -9.40643 -77.7166
v 150 -9.40643 -77.7166
v 150 -12.0777 -77.06
v 0 -12.0777 -77.06
v 0 -12.8376 -76.028
v 150 -12.8376 -76.028
v 150 -12.8376 -74.5269
v 0 -12.8376 -74.5269
v 0 -9.40573 -68.7765
v 150 -9.40573 -68.7765
v 150 -9.40573 -33.5114
v 0 -9.40573 -33.5114
v 0 -9.7695 -32.9956
v 150 -9.7695 -32.9956
v 150 -16.3827 -31.0447
v 0 -16.3827 -31.0447
v 0 -17.4004 -29.602
v 150 -17.4004 -29.602
v 150 -17.4004 -26.3635
v 0 -17.4004 -26.3635
v 0 -17.8912 -25.8727
v 150 -17.8912 -25.8727
v 150 -19.4036 -25.7495
v 0 -19.4036 -25.7495
v 0 -29.2926 -19.818
v 150 -29.2926 -19.818
v 150 -30.6635 -17.2165
v 0 -30.6635 -17.2165
v 0 -40.0179 -10.1695
v 150 -40.0179 -10.1695
v 150 -47.8217 -9.0221
v 0 -47.8217 -9.0221
v 0 -48.0179 -8.66712
v 150 -48.0179 -8.66712
v 150 -48.0179 -3.01338
v 0 -48.0179 -3.01338
v 0 -48.0179 -3.01338
v 150 -48.0179 -3.01338
v 150 -44.7436 -3.01338
v 0 -44.7436 -3.01338
v 0 -43.2621 -3.01338
v 150 -43.2621 -3.01338
v 150 -40.0179 -3.01338
v 0 -40.0179 -3.01338
v 0 -40.0179 -3.01338
v 150 -40.0179 -3.01338
v 150 -40.0179 -5.73546
v 0 -40.0179 -5.73546
v 0 -27.3598 -14.985
v 150 -27.3598 -14.985
v 150 -25.7416 -17.9505
v 0 -25.7416 -17.9505
v 0 -20.1184 -21.659
v 150 -20.1184 -21.659
v 150 -17.5648 -21.867
v 0 -17.5648 -21.867
v 0 -13.4133 -26.561
v 150 -13.4133 -26.561
v 150 -13.4133 -27.4024
v 0 -13.4133 -27.4024
v 0 -13.0745 -27.854
v 150 -13.0745 -27.854
v 150 -5.41551 -30.1396
v 0 -5.41551 -30.1396
v 0 -5.41551 -30.1396
v 150 -5.41551 -30.1396
v 150 -1.76248e-12 -30.1396
v 0 -1.77289e-12 -30.1396
v 0 -1.77289e-12 -30.1396
v 150 -1.76248e-12 -30.1396
v 150 -1.76248e-12 -33.3842
v 0 -1.77289e-12 -33.3842
v 0 -1.77289e-12 -34.9193
v 150 -1.76248e-12 -34.9193
v 150 -1.76248e-12 -38.1396
v 0 -1.77289e-12 -38.1396
v 0 -1.77289e-12 -38.1396
v 150 -1.76248e-12 -38.1396
v 150 -4.90401 -38.1396
v 0 -4.90401 -38.1396
v 0 -5.41551 -38.7077
v 150 -5.41551 -38.7077
v 150 -5.41551 -68.7765
v 0 -5.41551 -68.7765
v 0 -7.2276 -82.4563
v 150 -7.2276 -82.4563
v 150 -9.03291 -83.4543
v 0 -9.03291 -83.4543
v 0 -8.80864 -86.2127
v 150 -8.80864 -86.2127
v 150 -5.8481 -88.4733
v 0 -5.8481 -88.4733
v 0 -2.42337 -92
v 150 -2.42337 -92
v 150 -1.76595e-12 -92
v 0 -1.77636e-12 -92
v 0 -1.77636e-12 -92
v 150 -1.76595e-12 -92
v 150 -1.76595e-12 -95.2495
v 0 -1.77636e-12 -95.2495
v 0 -1.77636e-12 -96.7688
v 0 -1.77636e-12 -100
v 0 -5.14924 -100
v 0 -5.28153 -99.9662
v 0 -5.39368 -99.8883
v 0 -5.47158 -99.7761
v 0 -5.50541 -99.6438
v 0 -5.50541 -96.6622
v 0 -5.69337 -95.3461
v 0 -6.1461 -94.0961
v 0 -6.84452 -92.9648
v 0 -7.75922 -92
v 0 -11.2234 -89.3759
v 0 -12.1434 -88.5184
v 0 -12.8702 -87.4925
v 0 -13.3619 -86.3782
v 0 -13.6354 -85.0994
v 0 -13.6429 -83.8871
v 0 -13.4133 -82.6967
v 0 -12.9074 -81.5994
v 0 -12.1719 -80.6974
v 0 -11.2047 -80.05
v 0 -9.24429 -79.0115
v 0 -9.13725 -78.9343
v 0 -9.05092 -78.8344
v 0 -8.98995 -78.7173
v 0 -8.95765 -78.5893
v 0 -8.95765 -78.2891
v 0 -8.99005 -78.0963
v 0 -9.08322 -77.9254
v 0 -9.22701 -77.7941
v 0 -9.40643 -77.7166
v 0 -12.0777 -77.06
v 0 -12.391 -76.9167
v 0 -12.6391 -76.6776
v 0 -12.7938 -76.3697
v 0 -12.8376 -76.028
v 0 -12.8376 -74.5269
v 0 -12.7967 -74.1957
v 0 -12.6786 -73.8836
v 0 -12.4903 -73.6082
v 0 -12.2422 -73.385
v 0 -11.0706 -72.5812
v 0 -10.1651 -71.4862
v 0 -9.59554 -70.1846
v 0 -9.40573 -68.7765
v 0 -9.40573 -33.5114
v 0 -9.43415 -33.3471
v 0 -9.50916 -33.1982
v 0 -9.62427 -33.0775
v 0 -9.7695 -32.9956
v 0 -16.3827 -31.0447
v 0 -16.811 -30.8394
v 0 -17.1464 -30.5032
v 0 -17.3507 -30.0744
v 0 -17.4004 -29.602
v 0 -17.4004 -26.3635
v 0 -17.4426 -26.1785
v 0 -17.5494 -26.0217
v 0 -17.7062 -25.9149
v 0 -17.8912 -25.8727
v 0 -19.4036 -25.7495
v 0 -22.381 -25.3062
v 0 -25.1423 -24.1078
v 0 -27.4996 -22.2359
v 0 -29.2926 -19.818
v 0 -30.6635 -17.2165
v 0 -32.2548 -14.6193
v 0 -34.4399 -12.4972
v 0 -37.0825 -10.9825
v 0 -40.0179 -10.1695
v 0 -47.8217 -9.0221
v 0 -47.9061 -8.95743
v 0 -47.9698 -8.87228
v 0 -48.008 -8.77302
v 0 -48.0179 -8.66712
v 0 -48.0179 -3.01338
v 0 -44.7436 -3.01338
v 0 -44.6517 -3.37262
v 0 -44.3972 -3.6423
v 0 -44.0029 -3.75599
v 0 -43.6083 -3.64215
v 0 -43.3349 -3.33561
v 0 -43.2621 -3.01338
v 0 -40.0179 -3.01338
v 0 -40.0179 -5.73546
v 0 -39.8472 -6.04155
v 0 -39.5411 -6.21225
v 0 -36.8194 -6.81486
v 0 -34.2458 -7.88598
v 0 -32.3433 -9.06127
v 0 -30.4706 -10.6442
v 0 -28.7307 -12.6823
v 0 -27.3598 -14.985
v 0 -25.7416 -17.9505
v 0 -24.7224 -19.3708
v 0 -23.3908 -20.5035
v 0 -21.8253 -21.2815
v 0 -20.1184 -21.659
v 0 -17.5648 -21.867
v 0 -15.9053 -22.326
v 0 -14.5392 -23.374
v 0 -13.666 -24.8579
v 0 -13.4133 -26.561
v 0 -13.4133 -27.4024
v 0 -13.3951 -27.5538
v 0 -13.3261 -27.6899
v 0 -13.2148 -27.7941
v 0 -13.0745 -27.854
v 0 -5.41551 -30.1396
v 0 -1.77289e-12 -30.1396
v 0 -1.77289e-12 -33.3842
v 0 -0.293456 -33.4429
v 0 -0.542171 -33.6093
v 0 -0.70833 -33.8582
v 0 -0.766673 -34.1517
v 0 -0.70833 -34.4453
v 0 -0.542171 -34.6942
v 0 -0.293456 -34.8606
v 0 -1.77289e-12 -34.9193
v 0 -1.77289e-12 -38.1396
v 0 -4.90401 -38.1396
v 0 -5.10868 -38.1911
v 0 -5.27787 -38.3173
v 0 -5.38566 -38.4987
v 0 -5.41551 -38.7077
v 0 -5.41551 -68.7765
v 0 -5.50649 -70.1451
v 0 -5.80609 -71.4836
v 0 -6.30721 -72.7604
v 0 -6.99804 -73.9454
v 0 -7.04052 -74.087
v 0 -7.03974 -74.2348
v 0 -6.99576 -74.3759
v 0 -6.91242 -74.498
v 0 -6.05495 -75.2982
v 0 -5.41774 -76.2828
v 0 -5.03904 -77.3927
v 0 -4.94156 -78.5615
v 0 -5.13116 -79.7188
v 0 -5.59646 -80.7954
v 0 -6.30953 -81.7265
v 0 -7.2276 -82.4563
v 0 -9.03291 -83.4543
v 0 -9.29107 -83.6371
v 0 -9.49066 -83.8826
v 0 -9.61701 -84.1726
v 0 -9.66084 -84.4859
v 0 -9.61226 -84.9828
v 0 -9.44663 -85.4539
v 0 -9.17351 -85.8719
v 0 -8.80864 -86.2127
v 0 -5.8481 -88.4733
v 0 -4.98931 -89.1531
v 0 -4.20595 -89.9185
v 0 -3.50653 -90.7614
v 0 -2.89864 -91.6725
v 0 -2.82162 -91.8038
v 0 -2.71011 -91.9075
v 0 -2.57353 -91.9748
v 0 -2.42337 -92
v 0 -1.77636e-12 -92
v 0 -1.77636e-12 -95.2495
v 0 -0.293646 -95.3045
v 0 -0.543351 -95.4686
v 0 -0.7105 -95.7162
v 0 -0.769245 -96.0091
v 0 -0.7105 -96.3021
v 0 -0.543351 -96.5497
v 0 -0.293646 -96.7138
v 150 -5.14924 -100
v 150 -1.76595e-12 -100
v 150 -1.76595e-12 -96.7688
v 150 -0.293646 -96.7138
v 150 -0.543351 -96.5497
v 150 -0.7105 -96.3021
v 150 -0.769245 -96.0091
v 150 -0.7105 -95.7162
v 150 -0.543351 -95.4686
v 150 -0.293646 -95.3045
v 150 -1.76595e-12 -95.2495
v 150 -1.76595e-12 -92
v 150 -2.42337 -92
v 150 -2.57353 -91.9748
v 150 -2.71011 -91.9075
v 150 -2.82162 -91.8038
v 150 -2.89864 -91.6725
v 150 -3.50653 -90.7614
v 150 -4.20595 -89.9185
v 150 -4.98931 -89.1531
v 150 -5.8481 -88.4733
v 150 -8.80864 -86.2127
v 150 -9.17351 -85.8719
v 150 -9.44663 -85.4539
v 150 -9.61226 -84.9828
v 150 -9.66084 -84.4859
v 150 -9.61701 -84.1726
v 150 -9.49066 -83.8826
v 150 -9.29107 -83.6371
v 150 -9.03291 -83.4543
v 150 -7.2276 -82.4563
v 150 -6.30953 -81.7265
v 150 -5.59646 -80.7954
v 150 -5.13116 -79.7188
v 150 -4.94156 -78.5615
v 150 -5.03904 -77.3927
v 150 -5.41774 -76.2828
v 150 -6.05495 -75.2982
v 150 -6.91242 -74.498
v 150 -6.99576 -74.3759
v 150 -7.03974 -74.2348
v 150 -7.04052 -74.087
v 150 -6.99804 -73.9454
v 150 -6.30721 -72.7604
v 150 -5.80609 -71.4836
v 150 -5.50649 -70.1451
v 150 -5.41551 -68.7765
v 150 -5.41551 -38.7077
v 150 -5.38566 -38.4987
v 150 -5.27787 -38.3173
v 150 -5.10868 -38.1911
v 150 -4.90401 -38.1396
v 150 -1.76248e-12 -38.1396
v 150 -1.76248e-12 -34.9193
v 150 -0.293456 -34.8606
v 150 -0.542171 -34.6942
v 150 -0.70833 -34.4453
v 150 -0.766673 -34.1517
v 150 -0.70833 -33.8582
v 150 -0.542171 -33.6093
v 150 -0.293456 -33.4429
v 150 -1.76248e-12 -33.3842
v 150 -1.76248e-12 -30.1396
v 150 -5.41551 -30.1396
v 150 -13.0745 -27.854
v 150 -13.2148 -27.7941
v 150 -13.3261 -27.6899
v 150 -13.3951 -27.5538
v 150 -13.4133 -27.4024
v 150 -13.4133 -26.561
v 150 -13.666 -24.8579
v 150 -14.5392 -23.374
v 150 -15.9053 -22.326
v 150 -17.5648 -21.867
v 150 -20.1184 -21.659
v 150 -21.8253 -21.2815
v 150 -23.3908 -20.5035
v 150 -24.7224 -19.3708
v 150 -25.7416 -17.9505
v 150 -27.3598 -14.985
v 150 -28.7307 -12.6823
v 150 -30.4706 -10.6442
v 150 -32.3433 -9.06127
v 150 -34.2458 -7.88598
v 150 -36.8194 -6.81486
v 150 -39.5411 -6.21225
v 150 -39.8472 -6.04155
v 150 -40.0179 -5.73546
v 150 -40.0179 -3.01338
v 150 -43.2621 -3.01338
v 150 -43.3349 -3.33561
v 150 -43.6083 -3.64215
v 150 -44.0029 -3.75599
v 150 -44.3972 -3.6423
v 150 -44.6517 -3.37262
v 150 -44.7436 -3.01338
v 150 -48.0179 -3.01338
v 150 -48.0179 -8.66712
v 150 -48.008 -8.77302
v 150 -47.9698 -8.87228
v 150 -47.9061 -8.95743
v 150 -47.8217 -9.0221
v 150 -40.0179 -10.1695
v 150 -37.0825 -10.9825
v 150 -34.4399 -12.4972
v 150 -32.2548 -14.6193
v 150 -30.6635 -17.2165
v 150 -29.2926 -19.818
v 150 -27.4996 -22.2359
v 150 -25.1423 -24.1078
v 150 -22.381 -25.3062
v 150 -19.4036 -25.7495
v 150 -17.8912 -25.8727
v 150 -17.7062 -25.9149
v 150 -17.5494 -26.0217
v 150 -17.4426 -26.1785
v 150 -17.4004 -26.3635
v 150 -17.4004 -29.602
v 150 -17.3507 -30.0744
v 150 -17.1464 -30.5032
v 150 -16.811 -30.8394
v 150 -16.3827 -31.0447
v 150 -9.7695 -32.9956
v 150 -9.62427 -33.0775
v 150 -9.50916 -33.1982
v 150 -9.43415 -33.3471
v 150 -9.40573 -33.5114
v 150 -9.40573 -68.7765
v 150 -9.59554 -70.1846
v 150 -10.1651 -71.4862
v 150 -11.0706 -72.5812
v 150 -12.2422 -73.385
v 150 -12.4903 -73.6082
v 150 -12.6786 -73.8836
v 150 -12.7967 -74.1957
v 150 -12.8376 -74.5269
v 150 -12.8376 -76.028
v 150 -12.7938 -76.3697
v 150 -12.6391 -76.6776
v 150 -12.391 -76.9167
v 150 -12.0777 -77.06
v 150 -9.40643 -77.7166
v 150 -9.22701 -77.7941
v 150 -9.08322 -77.9254
v 150 -8.99005 -78.0963
v 150 -8.95765 -78.2891
v 150 -8.95765 -78.5893
v 150 -8.98995 -78.7173
v 150 -9.05092 -78.8344
v 150 -9.13725 -78.9343
v 150 -9.24429 -79.0115
v 150 -11.2047 -80.05
v 150 -12.1719 -80.6974
v 150 -12.9074 -81.5994
v 150 -13.4133 -82.6967
v 150 -13.6429 -83.8871
v 150 -13.6354 -85.0994
v 150 -13.3619 -86.3782
v 150 -12.8702 -87.4925
v 150 -12.1434 -88.5184
v 150 -11.2234 -89.3759
v 150 -7.75922 -92
v 150 -6.84452 -92.9648
v 150 -6.1461 -94.0961
v 150 -5.69337 -95.3461
v 150 -5.50541 -96.6622
v 150 -5.50541 -99.6438
v 150 -5.47158 -99.7761
v 150 -5.39368 -99.8883
v 150 -5.28153 -99.9662
v 0 -1.77636e-12 -96.7688
v 150 -1.76595e-12 -96.7688
v 150 -1.76595e-12 -100
v 0 -1.77636e-12 -100
v 0 -1.77636e-12 -100
v 150 -1.76595e-12 -100
v 150 -5.14924 -100
v 0 -5.14924 -100
# индексы вершин с 1 по 468

s off
vt -4.79444e-19 -0.166073
vt 0.213333 -0.166073
vt 0.213333 -0.161104
vt -4.79444e-19 -0.161104
# индексы вершин текстуры с 1 по 4

f  1/1 2/2 3/3 4/4
vt -6.75719e-19 0.012932
vt 0.213333 0.012932
vt 0.213333 0.0187057
vt -9.77404e-19 0.0187057
# индексы вершин текстуры с 5 по 8

f  5/5 6/6 7/7 8/8
vt -1.16811e-18 -0.137828
vt 0.213333 -0.137828
vt 0.213333 -0.135999
vt -1.12406e-18 -0.135999
# индексы вершин текстуры с 9 по 12

f  9/9 10/10 11/11 12/12
vt -9.75774e-19 0.0186745
vt 0.213333 0.0186745
vt 0.213333 0.0154072
vt -8.05048e-19 0.0154072
# индексы вершин текстуры с 13 по 16

f  13/13 14/14 15/15 16/16
vt -7.80086e-19 -0.130982
vt 0.213333 -0.130982
vt 0.213333 -0.130482
vt -7.80086e-19 -0.130482
# индексы вершин текстуры с 17 по 20

f  17/17 18/18 19/19 20/20
vt -8.19168e-19 0.0156774
vt 0.213333 0.0156774
vt 0.213333 0.0201295
vt -1.0518e-18 0.0201295
# индексы вершин текстуры с 21 по 24

f  21/21 22/22 23/23 24/24
vt -1.11798e-18 -0.126713
vt 0.213333 -0.126713
vt 0.213333 -0.124211
vt -1.11798e-18 -0.124211
# индексы вершин текстуры с 25 по 28

f  25/25 26/26 27/27 28/28
vt -8.19107e-19 -0.114627
vt 0.213333 -0.114627
vt 0.213333 -0.0558523
vt -8.19107e-19 -0.0558523
# индексы вершин текстуры с 29 по 32

f  29/29 30/30 31/31 32/32
vt -8.50787e-19 0.0162825
vt 0.213333 0.0162825
vt 0.213333 0.0273045
vt -1.42671e-18 0.0273045
# индексы вершин текстуры с 33 по 36

f  33/33 34/34 35/35 36/36
vt -1.51533e-18 -0.0493367
vt 0.213333 -0.0493367
vt 0.213333 -0.0439392
vt -1.51533e-18 -0.0439392
# индексы вершин текстуры с 37 по 40

f  37/37 38/38 39/39 40/40
vt -1.55807e-18 0.0298187
vt 0.213333 0.0298187
vt 0.213333 0.0323394
vt -1.68978e-18 0.0323394
# индексы вершин текстуры с 41 по 44

f  41/41 42/42 43/43 44/44
vt -2.55097e-18 -0.03303
vt 0.213333 -0.03303
vt 0.213333 -0.0286941
vt -2.67036e-18 -0.0286941
# индексы вершин текстуры с 45 по 48

f  45/45 46/46 47/47 48/48
vt -3.485e-18 0.0666965
vt 0.213333 0.0666965
vt 0.213333 0.0797028
vt -4.1646e-18 0.0797028
# индексы вершин текстуры с 49 по 52

f  49/49 50/50 51/51 52/52
vt -4.18169e-18 -0.0144452
vt 0.213333 -0.0144452
vt 0.213333 -0.0050223
vt -4.18169e-18 -0.0050223
# индексы вершин текстуры с 53 по 56

f  53/53 54/54 55/55 56/56
vt -4.18169e-18 0.0800298
vt 0.213333 0.0800298
vt 0.213333 0.0745727
vt -3.89654e-18 0.0745727
# индексы вершин текстуры с 57 по 60

f  56/57 55/58 59/59 60/60
vt -3.76752e-18 0.0721034
vt 0.213333 0.0721034
vt 0.213333 0.0666965
vt -3.485e-18 0.0666965
# индексы вершин текстуры с 61 по 64

f  61/61 62/62 63/63 64/64
vt -3.485e-18 -0.0050223
vt 0.213333 -0.0050223
vt 0.213333 -0.0095591
vt -3.485e-18 -0.0095591
# индексы вершин текстуры с 65 по 68

f  64/65 63/66 67/67 68/68
vt -2.38266e-18 -0.024975
vt 0.213333 -0.024975
vt 0.213333 -0.0299175
vt -2.24173e-18 -0.0299175
# индексы вершин текстуры с 69 по 72

f  69/69 70/70 71/71 72/72
vt -1.75203e-18 0.0335307
vt 0.213333 0.0335307
vt 0.213333 0.0292746
vt -1.52965e-18 0.0292746
# индексы вершин текстуры с 73 по 76

f  73/73 74/74 75/75 76/76
vt -1.16811e-18 -0.0442683
vt 0.213333 -0.0442683
vt 0.213333 -0.0456706
vt -1.16811e-18 -0.0456706
# индексы вершин текстуры с 77 по 80

f  77/77 78/78 79/79 80/80
vt -1.13861e-18 0.0217909
vt 0.213333 0.0217909
vt 0.213333 0.00902584
vt -4.71615e-19 0.00902584
# индексы вершин текстуры с 81 по 84

f  81/81 82/82 83/83 84/84
vt -4.71615e-19 0.00902584
vt 0.213333 0.00902584
vt 0.213333 2.9497e-15
vt -1.54233e-31 2.95174e-15
# индексы вершин текстуры с 85 по 88

f  84/85 83/86 87/87 88/88
vt -1.54233e-31 -0.0502326
vt 0.213333 -0.0502326
vt 0.213333 -0.0556404
vt -1.54216e-31 -0.0556404
# индексы вершин текстуры с 89 по 92

f  88/89 87/90 91/91 92/92
vt -1.54207e-31 -0.0581988
vt 0.213333 -0.0581988
vt 0.213333 -0.063566
vt -1.5419e-31 -0.063566
# индексы вершин текстуры с 93 по 96

f  93/93 94/94 95/95 96/96
vt -1.5419e-31 2.95092e-15
vt 0.213333 2.94888e-15
vt 0.213333 0.00817335
vt -4.27071e-19 0.00817335
# индексы вершин текстуры с 97 по 100

f  96/97 95/98 99/99 100/100
vt -4.71615e-19 -0.0645128
vt 0.213333 -0.0645128
vt 0.213333 -0.114627
vt -4.71615e-19 -0.114627
# индексы вершин текстуры с 101 по 104

f  101/101 102/102 103/103 104/104
vt -6.29422e-19 0.012046
vt 0.213333 0.012046
vt 0.213333 0.0150548
vt -7.8664e-19 0.0150548
# индексы вершин текстуры с 105 по 108

f  105/105 106/106 107/107 108/108
vt -7.6711e-19 0.0146811
vt 0.213333 0.0146811
vt 0.213333 0.00974684
vt -5.09288e-19 0.00974684
# индексы вершин текстуры с 109 по 112

f  109/109 110/110 111/111 112/112
vt -2.11042e-19 0.00403896
vt 0.213333 0.00403896
vt 0.213333 2.94917e-15
vt -1.54205e-31 2.95121e-15
# индексы вершин текстуры с 113 по 116

f  113/113 114/114 115/115 116/116
vt -1.54205e-31 -0.153333
vt 0.213333 -0.153333
vt 0.213333 -0.158749
vt -1.54188e-31 -0.158749
# индексы вершин текстуры с 117 по 120

f  116/117 115/118 119/119 120/120
vt 0.0616319 -0.00555934
vt 0.0615283 -0.0050223
vt 0.0569143 -0.0050223
vt 0.0682921 -0.0050223
vt 0.0636354 -0.0050223
vt 0.0635047 -0.00562103
vt 0.0682921 -0.0050223
vt 0.0635047 -0.00562103
vt 0.0631427 -0.0060705
vt 0.0620206 -0.00607025
vt 0.0616319 -0.00555934
vt 0.0569143 -0.0050223
vt 0.0682921 -0.0050223
vt 0.0631427 -0.0060705
vt 0.0625818 -0.00625999
vt 0.0625818 -0.00625999
vt 0.0620206 -0.00607025
vt 0.0569143 -0.0050223
vt 0.0625818 -0.00625999
vt 0.0569143 -0.0050223
vt 0.0569143 -0.0095591
vt 0.0682921 -0.0050223
vt 0.0625818 -0.00625999
vt 0.0569143 -0.0095591
vt 0.0682921 -0.0050223
vt 0.0569143 -0.0095591
vt 0.0566716 -0.0100693
vt 0.0682921 -0.0050223
vt 0.0566716 -0.0100693
vt 0.0562362 -0.0103537
vt 0.0562362 -0.0103537
vt 0.0523654 -0.0113581
vt 0.0487051 -0.0131433
vt 0.0682921 -0.0144452
vt 0.0682921 -0.0050223
vt 0.0562362 -0.0103537
vt 0.0682921 -0.0144452
vt 0.0562362 -0.0103537
vt 0.0487051 -0.0131433
vt 0.0682781 -0.0146217
vt 0.0682921 -0.0144452
vt 0.0487051 -0.0131433
vt 0.0682238 -0.0147871
vt 0.0682781 -0.0146217
vt 0.0487051 -0.0131433
vt 0.0681331 -0.0149291
vt 0.0682238 -0.0147871
vt 0.0487051 -0.0131433
vt 0.068013 -0.0150368
vt 0.0681331 -0.0149291
vt 0.0487051 -0.0131433
vt 0.068013 -0.0150368
vt 0.0487051 -0.0131433
vt 0.0459993 -0.0151021
vt 0.0569143 -0.0169491
vt 0.068013 -0.0150368
vt 0.0459993 -0.0151021
vt 0.0569143 -0.0169491
vt 0.0459993 -0.0151021
vt 0.043336 -0.0177403
vt 0.0527395 -0.0183041
vt 0.0569143 -0.0169491
vt 0.043336 -0.0177403
vt 0.0489812 -0.0208287
vt 0.0527395 -0.0183041
vt 0.043336 -0.0177403
vt 0.0489812 -0.0208287
vt 0.043336 -0.0177403
vt 0.0408614 -0.0211372
vt 0.0458735 -0.0243655
vt 0.0489812 -0.0208287
vt 0.0408614 -0.0211372
vt 0.0458735 -0.0243655
vt 0.0408614 -0.0211372
vt 0.0389117 -0.024975
vt 0.0436102 -0.0286941
vt 0.0458735 -0.0243655
vt 0.0389117 -0.024975
vt 0.0436102 -0.0286941
vt 0.0389117 -0.024975
vt 0.0366102 -0.0299175
vt 0.0436102 -0.0286941
vt 0.0366102 -0.0299175
vt 0.0351608 -0.0322847
vt 0.0416605 -0.03303
vt 0.0436102 -0.0286941
vt 0.0351608 -0.0322847
vt 0.0416605 -0.03303
vt 0.0351608 -0.0322847
vt 0.0332669 -0.0341725
vt 0.0416605 -0.03303
vt 0.0332669 -0.0341725
vt 0.0310405 -0.0354692
vt 0.0416605 -0.03303
vt 0.0310405 -0.0354692
vt 0.0286128 -0.0360983
vt 0.0391106 -0.0370599
vt 0.0416605 -0.03303
vt 0.0286128 -0.0360983
vt 0.0391106 -0.0370599
vt 0.0286128 -0.0360983
vt 0.024981 -0.0364451
vt 0.0391106 -0.0370599
vt 0.024981 -0.0364451
vt 0.0226209 -0.03721
vt 0.0391106 -0.0370599
vt 0.0226209 -0.03721
vt 0.020678 -0.0389566
vt 0.0357579 -0.0401797
vt 0.0391106 -0.0370599
vt 0.020678 -0.0389566
vt 0.0357579 -0.0401797
vt 0.020678 -0.0389566
vt 0.0194362 -0.0414298
vt 0.0318307 -0.0421769
vt 0.0357579 -0.0401797
vt 0.0194362 -0.0414298
vt 0.0275963 -0.0429158
vt 0.0318307 -0.0421769
vt 0.0194362 -0.0414298
vt 0.0254453 -0.0431212
vt 0.0275963 -0.0429158
vt 0.0194362 -0.0414298
vt 0.0251822 -0.0431914
vt 0.0254453 -0.0431212
vt 0.0194362 -0.0414298
vt 0.0249592 -0.0433695
vt 0.0251822 -0.0431914
vt 0.0194362 -0.0414298
vt 0.0248072 -0.0436308
vt 0.0249592 -0.0433695
vt 0.0194362 -0.0414298
vt 0.0247472 -0.0439392
vt 0.0248072 -0.0436308
vt 0.0194362 -0.0414298
vt 0.0247472 -0.0439392
vt 0.0194362 -0.0414298
vt 0.0190767 -0.0442683
vt 0.0247472 -0.0439392
vt 0.0190767 -0.0442683
vt 0.0190767 -0.0456706
vt 0.0247472 -0.0439392
vt 0.0190767 -0.0456706
vt 0.0190508 -0.045923
vt 0.0247472 -0.0439392
vt 0.0190508 -0.045923
vt 0.0189527 -0.0461498
vt 0.0247472 -0.0439392
vt 0.0189527 -0.0461498
vt 0.0187944 -0.0463236
vt 0.0247472 -0.0439392
vt 0.0187944 -0.0463236
vt 0.0185949 -0.0464234
vt 0.0247472 -0.0493367
vt 0.0247472 -0.0439392
vt 0.0185949 -0.0464234
vt 0.0246765 -0.050124
vt 0.0247472 -0.0493367
vt 0.0185949 -0.0464234
vt 0.0246765 -0.050124
vt 0.0185949 -0.0464234
vt 0.00770205 -0.0502326
vt 0.024386 -0.0508386
vt 0.0246765 -0.050124
vt 0.00770205 -0.0502326
vt 0.024386 -0.0508386
vt 0.00770205 -0.0502326
vt 2.51882e-15 -0.0502326
vt 0.023909 -0.051399
vt 0.024386 -0.0508386
vt 2.51882e-15 -0.0502326
vt 0.0232999 -0.0517412
vt 0.023909 -0.051399
vt 2.51882e-15 -0.0502326
vt 0.0138944 -0.0549926
vt 0.0232999 -0.0517412
vt 2.51882e-15 -0.0502326
vt 0.0136878 -0.0551292
vt 0.0138944 -0.0549926
vt 2.51882e-15 -0.0502326
vt 0.0135241 -0.0553303
vt 0.0136878 -0.0551292
vt 2.51882e-15 -0.0502326
vt 0.0134175 -0.0555785
vt 0.0135241 -0.0553303
vt 2.51882e-15 -0.0502326
vt 0.0134175 -0.0555785
vt 2.51882e-15 -0.0502326
vt 2.51853e-15 -0.0556404
vt 0.0134175 -0.0555785
vt 2.51853e-15 -0.0556404
vt 0.00041736 -0.0557382
vt 0.013377 -0.0558523
vt 0.0134175 -0.0555785
vt 0.00041736 -0.0557382
vt 0.013377 -0.0558523
vt 0.00041736 -0.0557382
vt 0.000771087 -0.0560155
vt 0.013377 -0.0558523
vt 0.000771087 -0.0560155
vt 0.0010074 -0.0564304
vt 0.013377 -0.0558523
vt 0.0010074 -0.0564304
vt 0.00109038 -0.0569196
vt 0.013377 -0.0558523
vt 0.00109038 -0.0569196
vt 0.0010074 -0.0574088
vt 0.013377 -0.0558523
vt 0.0010074 -0.0574088
vt 0.000771087 -0.0578236
vt 0.013377 -0.0558523
vt 0.000771087 -0.0578236
vt 0.00041736 -0.058101
vt 0.013377 -0.0558523
vt 0.00041736 -0.058101
vt 2.5184e-15 -0.0581988
vt 2.5184e-15 -0.0581988
vt 2.51812e-15 -0.063566
vt 0.0069746 -0.063566
vt 0.013377 -0.0558523
vt 2.5184e-15 -0.0581988
vt 0.0069746 -0.063566
vt 0.013377 -0.0558523
vt 0.0069746 -0.063566
vt 0.00726568 -0.0636518
vt 0.013377 -0.0558523
vt 0.00726568 -0.0636518
vt 0.00750631 -0.0638621
vt 0.013377 -0.0558523
vt 0.00750631 -0.0638621
vt 0.0076596 -0.0641646
vt 0.013377 -0.0558523
vt 0.0076596 -0.0641646
vt 0.00770205 -0.0645128
vt 0.013377 -0.114627
vt 0.013377 -0.0558523
vt 0.00770205 -0.0645128
vt 0.013377 -0.114627
vt 0.00770205 -0.0645128
vt 0.00770205 -0.114627
vt 0.013377 -0.114627
vt 0.00770205 -0.114627
vt 0.00783145 -0.116908
vt 0.013647 -0.116974
vt 0.013377 -0.114627
vt 0.00783145 -0.116908
vt 0.013647 -0.116974
vt 0.00783145 -0.116908
vt 0.00825754 -0.119139
vt 0.0144571 -0.119144
vt 0.013647 -0.116974
vt 0.00825754 -0.119139
vt 0.0157448 -0.120969
vt 0.0144571 -0.119144
vt 0.00825754 -0.119139
vt 0.0157448 -0.120969
vt 0.00825754 -0.119139
vt 0.00897026 -0.121267
vt 0.0174111 -0.122308
vt 0.0157448 -0.120969
vt 0.00897026 -0.121267
vt 0.0177639 -0.12268
vt 0.0174111 -0.122308
vt 0.00897026 -0.121267
vt 0.0180318 -0.123139
vt 0.0177639 -0.12268
vt 0.00897026 -0.121267
vt 0.0180318 -0.123139
vt 0.00897026 -0.121267
vt 0.00995277 -0.123242
vt 0.0180318 -0.123139
vt 0.00995277 -0.123242
vt 0.0100132 -0.123478
vt 0.0181997 -0.12366
vt 0.0180318 -0.123139
vt 0.0100132 -0.123478
vt 0.0181997 -0.12366
vt 0.0100132 -0.123478
vt 0.0100121 -0.123725
vt 0.0181997 -0.12366
vt 0.0100121 -0.123725
vt 0.00994952 -0.12396
vt 0.0181997 -0.12366
vt 0.00994952 -0.12396
vt 0.009831 -0.124163
vt 0.018258 -0.124211
vt 0.0181997 -0.12366
vt 0.009831 -0.124163
vt 0.018258 -0.124211
vt 0.009831 -0.124163
vt 0.00861149 -0.125497
vt 0.018258 -0.126713
vt 0.018258 -0.124211
vt 0.00861149 -0.125497
vt 0.018258 -0.126713
vt 0.00861149 -0.125497
vt 0.00770523 -0.127138
vt 0.0181956 -0.127283
vt 0.018258 -0.126713
vt 0.00770523 -0.127138
vt 0.0179755 -0.127796
vt 0.0181956 -0.127283
vt 0.00770523 -0.127138
vt 0.0176228 -0.128195
vt 0.0179755 -0.127796
vt 0.00770523 -0.127138
vt 0.0171772 -0.128433
vt 0.0176228 -0.128195
vt 0.00770523 -0.127138
vt 0.0171772 -0.128433
vt 0.00770523 -0.127138
vt 0.00716663 -0.128988
vt 0.013378 -0.129528
vt 0.0171772 -0.128433
vt 0.00716663 -0.128988
vt 0.0131229 -0.129657
vt 0.013378 -0.129528
vt 0.00716663 -0.128988
vt 0.0129184 -0.129876
vt 0.0131229 -0.129657
vt 0.00716663 -0.128988
vt 0.0127858 -0.130161
vt 0.0129184 -0.129876
vt 0.00716663 -0.128988
vt 0.0127398 -0.130482
vt 0.0127858 -0.130161
vt 0.00716663 -0.128988
vt 0.0127398 -0.130482
vt 0.00716663 -0.128988
vt 0.00702799 -0.130936
vt 0.0127398 -0.130982
vt 0.0127398 -0.130482
vt 0.00702799 -0.130936
vt 0.0127857 -0.131196
vt 0.0127398 -0.130982
vt 0.00702799 -0.130936
vt 0.0128724 -0.131391
vt 0.0127857 -0.131196
vt 0.00702799 -0.130936
vt 0.0129952 -0.131557
vt 0.0128724 -0.131391
vt 0.00702799 -0.130936
vt 0.0131474 -0.131686
vt 0.0129952 -0.131557
vt 0.00702799 -0.130936
vt 0.0131474 -0.131686
vt 0.00702799 -0.130936
vt 0.00729765 -0.132865
vt 0.0159356 -0.133417
vt 0.0131474 -0.131686
vt 0.00729765 -0.132865
vt 0.0173112 -0.134496
vt 0.0159356 -0.133417
vt 0.00729765 -0.132865
vt 0.0173112 -0.134496
vt 0.00729765 -0.132865
vt 0.00795941 -0.134659
vt 0.0183572 -0.135999
vt 0.0173112 -0.134496
vt 0.00795941 -0.134659
vt 0.0183572 -0.135999
vt 0.00795941 -0.134659
vt 0.00897356 -0.136211
vt 0.0183572 -0.135999
vt 0.00897356 -0.136211
vt 0.0102792 -0.137427
vt 0.0190767 -0.137828
vt 0.0183572 -0.135999
vt 0.0102792 -0.137427
vt 0.0190767 -0.137828
vt 0.0102792 -0.137427
vt 0.0128468 -0.13909
vt 0.0190767 -0.137828
vt 0.0128468 -0.13909
vt 0.013214 -0.139395
vt 0.0190767 -0.137828
vt 0.013214 -0.139395
vt 0.0134978 -0.139804
vt 0.0194032 -0.139812
vt 0.0190767 -0.137828
vt 0.0134978 -0.139804
vt 0.0194032 -0.139812
vt 0.0134978 -0.139804
vt 0.0136775 -0.140288
vt 0.0194032 -0.139812
vt 0.0136775 -0.140288
vt 0.0137399 -0.14081
vt 0.0194032 -0.139812
vt 0.0137399 -0.14081
vt 0.0136708 -0.141638
vt 0.0193926 -0.141832
vt 0.0194032 -0.139812
vt 0.0136708 -0.141638
vt 0.0193926 -0.141832
vt 0.0136708 -0.141638
vt 0.0134352 -0.142423
vt 0.0193926 -0.141832
vt 0.0134352 -0.142423
vt 0.0130468 -0.14312
vt 0.0193926 -0.141832
vt 0.0130468 -0.14312
vt 0.0125279 -0.143688
vt 0.0190036 -0.143964
vt 0.0193926 -0.141832
vt 0.0125279 -0.143688
vt 0.0183043 -0.145821
vt 0.0190036 -0.143964
vt 0.0125279 -0.143688
vt 0.0183043 -0.145821
vt 0.0125279 -0.143688
vt 0.0083173 -0.147455
vt 0.0172706 -0.147531
vt 0.0183043 -0.145821
vt 0.0083173 -0.147455
vt 0.0172706 -0.147531
vt 0.0083173 -0.147455
vt 0.00709591 -0.148588
vt 0.0159622 -0.14896
vt 0.0172706 -0.147531
vt 0.00709591 -0.148588
vt 0.0159622 -0.14896
vt 0.00709591 -0.148588
vt 0.00598179 -0.149864
vt 0.0159622 -0.14896
vt 0.00598179 -0.149864
vt 0.00498706 -0.151269
vt 0.0159622 -0.14896
vt 0.00498706 -0.151269
vt 0.00412252 -0.152788
vt 0.0159622 -0.14896
vt 0.00412252 -0.152788
vt 0.00401297 -0.153006
vt 0.0159622 -0.14896
vt 0.00401297 -0.153006
vt 0.00385438 -0.153179
vt 0.0159622 -0.14896
vt 0.00385438 -0.153179
vt 0.00366013 -0.153291
vt 0.0110353 -0.153333
vt 0.0159622 -0.14896
vt 0.00366013 -0.153291
vt 0.0110353 -0.153333
vt 0.00366013 -0.153291
vt 0.00344658 -0.153333
vt 0.00973443 -0.154941
vt 0.0110353 -0.153333
vt 0.00344658 -0.153333
vt 0.00973443 -0.154941
vt 0.00344658 -0.153333
vt 2.51836e-15 -0.153333
vt 0.00874111 -0.156827
vt 0.00973443 -0.154941
vt 2.51836e-15 -0.153333
vt 0.00874111 -0.156827
vt 2.51836e-15 -0.153333
vt 2.51808e-15 -0.158749
vt 0.00874111 -0.156827
vt 2.51808e-15 -0.158749
vt 0.00041763 -0.158841
vt 0.00809723 -0.15891
vt 0.00874111 -0.156827
vt 0.00041763 -0.158841
vt 0.00809723 -0.15891
vt 0.00041763 -0.158841
vt 0.000772766 -0.159114
vt 0.00809723 -0.15891
vt 0.000772766 -0.159114
vt 0.00101049 -0.159527
vt 0.00809723 -0.15891
vt 0.00101049 -0.159527
vt 0.00109404 -0.160015
vt 0.00809723 -0.15891
vt 0.00109404 -0.160015
vt 0.00101049 -0.160503
vt 0.00809723 -0.15891
vt 0.00101049 -0.160503
vt 0.000772766 -0.160916
vt 0.00782992 -0.161104
vt 0.00809723 -0.15891
vt 0.000772766 -0.160916
vt 0.00782992 -0.161104
vt 0.000772766 -0.160916
vt 0.00041763 -0.16119
vt 0.00782992 -0.161104
vt 0.00041763 -0.16119
vt 2.51795e-15 -0.161281
vt 0.00782992 -0.166073
vt 0.00782992 -0.161104
vt 2.51795e-15 -0.161281
vt 0.0077818 -0.166294
vt 0.00782992 -0.166073
vt 2.51795e-15 -0.161281
vt 0.00767102 -0.16648
vt 0.0077818 -0.166294
vt 2.51795e-15 -0.161281
vt 0.00751151 -0.16661
vt 0.00767102 -0.16648
vt 2.51795e-15 -0.161281
vt 0.00732337 -0.166667
vt 0.00751151 -0.16661
vt 2.51767e-15 -0.166667
vt 2.51767e-15 -0.166667
vt 0.00751151 -0.16661
vt 2.51795e-15 -0.161281
# индексы вершин текстуры с 121 по 624

f  203/121 61/122 64/123
f  56/124 60/125 199/126
f  56/127 199/128 200/129
f  202/130 203/131 64/132
f  56/133 200/134 201/135
f  201/136 202/137 64/138
f  201/139 64/140 68/141
f  56/142 201/143 68/144
f  56/145 68/146 207/147
f  56/148 207/149 208/150
f  208/151 209/152 210/153
f  53/154 56/155 208/156
f  53/157 208/158 210/159
f  195/160 53/161 210/162
f  194/163 195/164 210/165
f  193/166 194/167 210/168
f  52/169 193/170 210/171
f  52/172 210/173 211/174
f  49/175 52/176 211/177
f  49/178 211/179 212/180
f  190/181 49/182 212/183
f  189/184 190/185 212/186
f  189/187 212/188 213/189
f  188/190 189/191 213/192
f  188/193 213/194 69/195
f  48/196 188/197 69/198
f  48/199 69/200 72/201
f  48/202 72/203 216/204
f  45/205 48/206 216/207
f  45/208 216/209 217/210
f  45/211 217/212 218/213
f  45/214 218/215 73/216
f  185/217 45/218 73/219
f  185/220 73/221 76/222
f  185/223 76/224 221/225
f  185/226 221/227 222/228
f  184/229 185/230 222/231
f  184/232 222/233 223/234
f  183/235 184/236 223/237
f  44/238 183/239 223/240
f  41/241 44/242 223/243
f  180/244 41/245 223/246
f  179/247 180/248 223/249
f  178/250 179/251 223/252
f  40/253 178/254 223/255
f  40/256 223/257 77/258
f  40/259 77/260 80/261
f  40/262 80/263 226/264
f  40/265 226/266 227/267
f  40/268 227/269 228/270
f  40/271 228/272 81/273
f  37/274 40/275 81/276
f  175/277 37/278 81/279
f  175/280 81/281 84/282
f  174/283 175/284 84/285
f  174/286 84/287 88/288
f  173/289 174/290 88/291
f  36/292 173/293 88/294
f  33/295 36/296 88/297
f  170/298 33/299 88/300
f  169/301 170/302 88/303
f  168/304 169/305 88/306
f  168/307 88/308 92/309
f  168/310 92/311 233/312
f  32/313 168/314 233/315
f  32/316 233/317 234/318
f  32/319 234/320 235/321
f  32/322 235/323 236/324
f  32/325 236/326 237/327
f  32/328 237/329 238/330
f  32/331 238/332 239/333
f  32/334 239/335 93/336
f  93/337 96/338 100/339
f  32/340 93/341 100/342
f  32/343 100/344 243/345
f  32/346 243/347 244/348
f  32/349 244/350 245/351
f  32/352 245/353 101/354
f  29/355 32/356 101/357
f  29/358 101/359 104/360
f  29/361 104/362 248/363
f  165/364 29/365 248/366
f  165/367 248/368 249/369
f  164/370 165/371 249/372
f  163/373 164/374 249/375
f  163/376 249/377 250/378
f  162/379 163/380 250/381
f  161/382 162/383 250/384
f  160/385 161/386 250/387
f  160/388 250/389 251/390
f  160/391 251/392 252/393
f  159/394 160/395 252/396
f  159/397 252/398 253/399
f  159/400 253/401 254/402
f  159/403 254/404 255/405
f  28/406 159/407 255/408
f  28/409 255/410 256/411
f  25/412 28/413 256/414
f  25/415 256/416 257/417
f  156/418 25/419 257/420
f  155/421 156/422 257/423
f  154/424 155/425 257/426
f  24/427 154/428 257/429
f  24/430 257/431 258/432
f  21/433 24/434 258/435
f  151/436 21/437 258/438
f  150/439 151/440 258/441
f  149/442 150/443 258/444
f  20/445 149/446 258/447
f  20/448 258/449 259/450
f  17/451 20/452 259/453
f  146/454 17/455 259/456
f  145/457 146/458 259/459
f  144/460 145/461 259/462
f  16/463 144/464 259/465
f  16/466 259/467 260/468
f  13/469 16/470 260/471
f  141/472 13/473 260/474
f  141/475 260/476 261/477
f  12/478 141/479 261/480
f  12/481 261/482 262/483
f  12/484 262/485 105/486
f  9/487 12/488 105/489
f  9/490 105/491 108/492
f  9/493 108/494 265/495
f  9/496 265/497 266/498
f  138/499 9/500 266/501
f  138/502 266/503 267/504
f  138/505 267/506 268/507
f  138/508 268/509 269/510
f  137/511 138/512 269/513
f  137/514 269/515 270/516
f  137/517 270/518 271/519
f  137/520 271/521 109/522
f  136/523 137/524 109/525
f  135/526 136/527 109/528
f  135/529 109/530 112/531
f  134/532 135/533 112/534
f  134/535 112/536 274/537
f  8/538 134/539 274/540
f  8/541 274/542 275/543
f  8/544 275/545 276/546
f  8/547 276/548 277/549
f  8/550 277/551 278/552
f  8/553 278/554 279/555
f  8/556 279/557 280/558
f  5/559 8/560 280/561
f  5/562 280/563 113/564
f  131/565 5/566 113/567
f  131/568 113/569 116/570
f  130/571 131/572 116/573
f  130/574 116/575 120/576
f  130/577 120/578 284/579
f  129/580 130/581 284/582
f  129/583 284/584 285/585
f  129/586 285/587 286/588
f  129/589 286/590 287/591
f  129/592 287/593 288/594
f  129/595 288/596 289/597
f  4/598 129/599 289/600
f  4/601 289/602 290/603
f  4/604 290/605 121/606
f  1/607 4/608 121/609
f  126/610 1/611 121/612
f  125/613 126/614 121/615
f  124/616 125/617 121/618
f  123/619 124/620 122/621
f  122/622 124/623 121/624
vt 0.0569143 -0.0050223
vt 0.0615283 -0.0050223
vt 0.0616319 -0.00555934
vt 0.0635047 -0.00562103
vt 0.0636354 -0.0050223
vt 0.0682921 -0.0050223
vt 0.0569143 -0.0050223
vt 0.0616319 -0.00555934
vt 0.0620206 -0.00607025
vt 0.0631427 -0.0060705
vt 0.0635047 -0.00562103
vt 0.0682921 -0.0050223
vt 0.0569143 -0.0050223
vt 0.0620206 -0.00607025
vt 0.0625818 -0.00625999
vt 0.0625818 -0.00625999
vt 0.0631427 -0.0060705
vt 0.0682921 -0.0050223
vt 0.0569143 -0.0095591
vt 0.0569143 -0.0050223
vt 0.0625818 -0.00625999
vt 0.0569143 -0.0095591
vt 0.0625818 -0.00625999
vt 0.0682921 -0.0050223
vt 0.0566716 -0.0100693
vt 0.0569143 -0.0095591
vt 0.0682921 -0.0050223
vt 0.0562362 -0.0103537
vt 0.0566716 -0.0100693
vt 0.0682921 -0.0050223
vt 0.0487051 -0.0131433
vt 0.0523654 -0.0113581
vt 0.0562362 -0.0103537
vt 0.0562362 -0.0103537
vt 0.0682921 -0.0050223
vt 0.0682921 -0.0144452
vt 0.0487051 -0.0131433
vt 0.0562362 -0.0103537
vt 0.0682921 -0.0144452
vt 0.0487051 -0.0131433
vt 0.0682921 -0.0144452
vt 0.0682781 -0.0146217
vt 0.0487051 -0.0131433
vt 0.0682781 -0.0146217
vt 0.0682238 -0.0147871
vt 0.0487051 -0.0131433
vt 0.0682238 -0.0147871
vt 0.0681331 -0.0149291
vt 0.0487051 -0.0131433
vt 0.0681331 -0.0149291
vt 0.068013 -0.0150368
vt 0.0459993 -0.0151021
vt 0.0487051 -0.0131433
vt 0.068013 -0.0150368
vt 0.0459993 -0.0151021
vt 0.068013 -0.0150368
vt 0.0569143 -0.0169491
vt 0.043336 -0.0177403
vt 0.0459993 -0.0151021
vt 0.0569143 -0.0169491
vt 0.043336 -0.0177403
vt 0.0569143 -0.0169491
vt 0.0527395 -0.0183041
vt 0.043336 -0.0177403
vt 0.0527395 -0.0183041
vt 0.0489812 -0.0208287
vt 0.0408614 -0.0211372
vt 0.043336 -0.0177403
vt 0.0489812 -0.0208287
vt 0.0408614 -0.0211372
vt 0.0489812 -0.0208287
vt 0.0458735 -0.0243655
vt 0.0389117 -0.024975
vt 0.0408614 -0.0211372
vt 0.0458735 -0.0243655
vt 0.0389117 -0.024975
vt 0.0458735 -0.0243655
vt 0.0436102 -0.0286941
vt 0.0366102 -0.0299175
vt 0.0389117 -0.024975
vt 0.0436102 -0.0286941
vt 0.0351608 -0.0322847
vt 0.0366102 -0.0299175
vt 0.0436102 -0.0286941
vt 0.0351608 -0.0322847
vt 0.0436102 -0.0286941
vt 0.0416605 -0.03303
vt 0.0332669 -0.0341725
vt 0.0351608 -0.0322847
vt 0.0416605 -0.03303
vt 0.0310405 -0.0354692
vt 0.0332669 -0.0341725
vt 0.0416605 -0.03303
vt 0.0286128 -0.0360983
vt 0.0310405 -0.0354692
vt 0.0416605 -0.03303
vt 0.0286128 -0.0360983
vt 0.0416605 -0.03303
vt 0.0391106 -0.0370599
vt 0.024981 -0.0364451
vt 0.0286128 -0.0360983
vt 0.0391106 -0.0370599
vt 0.0226209 -0.03721
vt 0.024981 -0.0364451
vt 0.0391106 -0.0370599
vt 0.020678 -0.0389566
vt 0.0226209 -0.03721
vt 0.0391106 -0.0370599
vt 0.020678 -0.0389566
vt 0.0391106 -0.0370599
vt 0.0357579 -0.0401797
vt 0.0194362 -0.0414298
vt 0.020678 -0.0389566
vt 0.0357579 -0.0401797
vt 0.0194362 -0.0414298
vt 0.0357579 -0.0401797
vt 0.0318307 -0.0421769
vt 0.0194362 -0.0414298
vt 0.0318307 -0.0421769
vt 0.0275963 -0.0429158
vt 0.0194362 -0.0414298
vt 0.0275963 -0.0429158
vt 0.0254453 -0.0431212
vt 0.0194362 -0.0414298
vt 0.0254453 -0.0431212
vt 0.0251822 -0.0431914
vt 0.0194362 -0.0414298
vt 0.0251822 -0.0431914
vt 0.0249592 -0.0433695
vt 0.0194362 -0.0414298
vt 0.0249592 -0.0433695
vt 0.0248072 -0.0436308
vt 0.0194362 -0.0414298
vt 0.0248072 -0.0436308
vt 0.0247472 -0.0439392
vt 0.0190767 -0.0442683
vt 0.0194362 -0.0414298
vt 0.0247472 -0.0439392
vt 0.0190767 -0.0456706
vt 0.0190767 -0.0442683
vt 0.0247472 -0.0439392
vt 0.0190508 -0.045923
vt 0.0190767 -0.0456706
vt 0.0247472 -0.0439392
vt 0.0189527 -0.0461498
vt 0.0190508 -0.045923
vt 0.0247472 -0.0439392
vt 0.0187944 -0.0463236
vt 0.0189527 -0.0461498
vt 0.0247472 -0.0439392
vt 0.0185949 -0.0464234
vt 0.0187944 -0.0463236
vt 0.0247472 -0.0439392
vt 0.0185949 -0.0464234
vt 0.0247472 -0.0439392
vt 0.0247472 -0.0493367
vt 0.0185949 -0.0464234
vt 0.0247472 -0.0493367
vt 0.0246765 -0.050124
vt 0.00770205 -0.0502326
vt 0.0185949 -0.0464234
vt 0.0246765 -0.050124
vt 0.00770205 -0.0502326
vt 0.0246765 -0.050124
vt 0.024386 -0.0508386
vt 2.51708e-15 -0.0502326
vt 0.00770205 -0.0502326
vt 0.024386 -0.0508386
vt 2.51708e-15 -0.0502326
vt 0.024386 -0.0508386
vt 0.023909 -0.051399
vt 2.51708e-15 -0.0502326
vt 0.023909 -0.051399
vt 0.0232999 -0.0517412
vt 2.51708e-15 -0.0502326
vt 0.0232999 -0.0517412
vt 0.0138944 -0.0549926
vt 2.51708e-15 -0.0502326
vt 0.0138944 -0.0549926
vt 0.0136878 -0.0551292
vt 2.51708e-15 -0.0502326
vt 0.0136878 -0.0551292
vt 0.0135241 -0.0553303
vt 2.51708e-15 -0.0502326
vt 0.0135241 -0.0553303
vt 0.0134175 -0.0555785
vt 2.51679e-15 -0.0556404
vt 2.51708e-15 -0.0502326
vt 0.0134175 -0.0555785
vt 0.00041736 -0.0557382
vt 2.51679e-15 -0.0556404
vt 0.0134175 -0.0555785
vt 0.00041736 -0.0557382
vt 0.0134175 -0.0555785
vt 0.013377 -0.0558523
vt 0.000771087 -0.0560155
vt 0.00041736 -0.0557382
vt 0.013377 -0.0558523
vt 0.0010074 -0.0564304
vt 0.000771087 -0.0560155
vt 0.013377 -0.0558523
vt 0.00109038 -0.0569196
vt 0.0010074 -0.0564304
vt 0.013377 -0.0558523
vt 0.0010074 -0.0574088
vt 0.00109038 -0.0569196
vt 0.013377 -0.0558523
vt 0.000771087 -0.0578236
vt 0.0010074 -0.0574088
vt 0.013377 -0.0558523
vt 0.00041736 -0.058101
vt 0.000771087 -0.0578236
vt 0.013377 -0.0558523
vt 2.51666e-15 -0.0581988
vt 0.00041736 -0.058101
vt 0.013377 -0.0558523
vt 0.0069746 -0.063566
vt 2.51638e-15 -0.063566
vt 2.51666e-15 -0.0581988
vt 0.0069746 -0.063566
vt 2.51666e-15 -0.0581988
vt 0.013377 -0.0558523
vt 0.00726568 -0.0636518
vt 0.0069746 -0.063566
vt 0.013377 -0.0558523
vt 0.00750631 -0.0638621
vt 0.00726568 -0.0636518
vt 0.013377 -0.0558523
vt 0.0076596 -0.0641646
vt 0.00750631 -0.0638621
vt 0.013377 -0.0558523
vt 0.00770205 -0.0645128
vt 0.0076596 -0.0641646
vt 0.013377 -0.0558523
vt 0.00770205 -0.114627
vt 0.00770205 -0.0645128
vt 0.013377 -0.0558523
vt 0.00770205 -0.114627
vt 0.013377 -0.0558523
vt 0.013377 -0.114627
vt 0.00783145 -0.116908
vt 0.00770205 -0.114627
vt 0.013377 -0.114627
vt 0.00783145 -0.116908
vt 0.013377 -0.114627
vt 0.013647 -0.116974
vt 0.00825754 -0.119139
vt 0.00783145 -0.116908
vt 0.013647 -0.116974
vt 0.00825754 -0.119139
vt 0.013647 -0.116974
vt 0.0144571 -0.119144
vt 0.00825754 -0.119139
vt 0.0144571 -0.119144
vt 0.0157448 -0.120969
vt 0.00897026 -0.121267
vt 0.00825754 -0.119139
vt 0.0157448 -0.120969
vt 0.00897026 -0.121267
vt 0.0157448 -0.120969
vt 0.0174111 -0.122308
vt 0.00897026 -0.121267
vt 0.0174111 -0.122308
vt 0.0177639 -0.12268
vt 0.00897026 -0.121267
vt 0.0177639 -0.12268
vt 0.0180318 -0.123139
vt 0.00995277 -0.123242
vt 0.00897026 -0.121267
vt 0.0180318 -0.123139
vt 0.0100132 -0.123478
vt 0.00995277 -0.123242
vt 0.0180318 -0.123139
vt 0.0100132 -0.123478
vt 0.0180318 -0.123139
vt 0.0181997 -0.12366
vt 0.0100121 -0.123725
vt 0.0100132 -0.123478
vt 0.0181997 -0.12366
vt 0.00994952 -0.12396
vt 0.0100121 -0.123725
vt 0.0181997 -0.12366
vt 0.009831 -0.124163
vt 0.00994952 -0.12396
vt 0.0181997 -0.12366
vt 0.009831 -0.124163
vt 0.0181997 -0.12366
vt 0.018258 -0.124211
vt 0.00861149 -0.125497
vt 0.009831 -0.124163
vt 0.018258 -0.124211
vt 0.00861149 -0.125497
vt 0.018258 -0.124211
vt 0.018258 -0.126713
vt 0.00770523 -0.127138
vt 0.00861149 -0.125497
vt 0.018258 -0.126713
vt 0.00770523 -0.127138
vt 0.018258 -0.126713
vt 0.0181956 -0.127283
vt 0.00770523 -0.127138
vt 0.0181956 -0.127283
vt 0.0179755 -0.127796
vt 0.00770523 -0.127138
vt 0.0179755 -0.127796
vt 0.0176228 -0.128195
vt 0.00770523 -0.127138
vt 0.0176228 -0.128195
vt 0.0171772 -0.128433
vt 0.00716663 -0.128988
vt 0.00770523 -0.127138
vt 0.0171772 -0.128433
vt 0.00716663 -0.128988
vt 0.0171772 -0.128433
vt 0.013378 -0.129528
vt 0.00716663 -0.128988
vt 0.013378 -0.129528
vt 0.0131229 -0.129657
vt 0.00716663 -0.128988
vt 0.0131229 -0.129657
vt 0.0129184 -0.129876
vt 0.00716663 -0.128988
vt 0.0129184 -0.129876
vt 0.0127858 -0.130161
vt 0.00716663 -0.128988
vt 0.0127858 -0.130161
vt 0.0127398 -0.130482
vt 0.00702799 -0.130936
vt 0.00716663 -0.128988
vt 0.0127398 -0.130482
vt 0.00702799 -0.130936
vt 0.0127398 -0.130482
vt 0.0127398 -0.130982
vt 0.00702799 -0.130936
vt 0.0127398 -0.130982
vt 0.0127857 -0.131196
vt 0.00702799 -0.130936
vt 0.0127857 -0.131196
vt 0.0128724 -0.131391
vt 0.00702799 -0.130936
vt 0.0128724 -0.131391
vt 0.0129952 -0.131557
vt 0.00702799 -0.130936
vt 0.0129952 -0.131557
vt 0.0131474 -0.131686
vt 0.00729765 -0.132865
vt 0.00702799 -0.130936
vt 0.0131474 -0.131686
vt 0.00729765 -0.132865
vt 0.0131474 -0.131686
vt 0.0159356 -0.133417
vt 0.00729765 -0.132865
vt 0.0159356 -0.133417
vt 0.0173112 -0.134496
vt 0.00795941 -0.134659
vt 0.00729765 -0.132865
vt 0.0173112 -0.134496
vt 0.00795941 -0.134659
vt 0.0173112 -0.134496
vt 0.0183572 -0.135999
vt 0.00897356 -0.136211
vt 0.00795941 -0.134659
vt 0.0183572 -0.135999
vt 0.0102792 -0.137427
vt 0.00897356 -0.136211
vt 0.0183572 -0.135999
vt 0.0102792 -0.137427
vt 0.0183572 -0.135999
vt 0.0190767 -0.137828
vt 0.0128468 -0.13909
vt 0.0102792 -0.137427
vt 0.0190767 -0.137828
vt 0.013214 -0.139395
vt 0.0128468 -0.13909
vt 0.0190767 -0.137828
vt 0.0134978 -0.139804
vt 0.013214 -0.139395
vt 0.0190767 -0.137828
vt 0.0134978 -0.139804
vt 0.0190767 -0.137828
vt 0.0194032 -0.139812
vt 0.0136775 -0.140288
vt 0.0134978 -0.139804
vt 0.0194032 -0.139812
vt 0.0137399 -0.14081
vt 0.0136775 -0.140288
vt 0.0194032 -0.139812
vt 0.0136708 -0.141638
vt 0.0137399 -0.14081
vt 0.0194032 -0.139812
vt 0.0136708 -0.141638
vt 0.0194032 -0.139812
vt 0.0193926 -0.141832
vt 0.0134352 -0.142423
vt 0.0136708 -0.141638
vt 0.0193926 -0.141832
vt 0.0130468 -0.14312
vt 0.0134352 -0.142423
vt 0.0193926 -0.141832
vt 0.0125279 -0.143688
vt 0.0130468 -0.14312
vt 0.0193926 -0.141832
vt 0.0125279 -0.143688
vt 0.0193926 -0.141832
vt 0.0190036 -0.143964
vt 0.0125279 -0.143688
vt 0.0190036 -0.143964
vt 0.0183043 -0.145821
vt 0.0083173 -0.147455
vt 0.0125279 -0.143688
vt 0.0183043 -0.145821
vt 0.0083173 -0.147455
vt 0.0183043 -0.145821
vt 0.0172706 -0.147531
vt 0.00709591 -0.148588
vt 0.0083173 -0.147455
vt 0.0172706 -0.147531
vt 0.00709591 -0.148588
vt 0.0172706 -0.147531
vt 0.0159622 -0.14896
vt 0.00598179 -0.149864
vt 0.00709591 -0.148588
vt 0.0159622 -0.14896
vt 0.00498706 -0.151269
vt 0.00598179 -0.149864
vt 0.0159622 -0.14896
vt 0.00412252 -0.152788
vt 0.00498706 -0.151269
vt 0.0159622 -0.14896
vt 0.00401297 -0.153006
vt 0.00412252 -0.152788
vt 0.0159622 -0.14896
vt 0.00385438 -0.153179
vt 0.00401297 -0.153006
vt 0.0159622 -0.14896
vt 0.00366013 -0.153291
vt 0.00385438 -0.153179
vt 0.0159622 -0.14896
vt 0.00366013 -0.153291
vt 0.0159622 -0.14896
vt 0.0110353 -0.153333
vt 0.00344658 -0.153333
vt 0.00366013 -0.153291
vt 0.0110353 -0.153333
vt 2.51662e-15 -0.153333
vt 0.0110353 -0.153333
vt 0.00973443 -0.154941
vt 2.51662e-15 -0.153333
vt 0.00973443 -0.154941
vt 0.00874111 -0.156827
vt 2.51634e-15 -0.158749
vt 2.51662e-15 -0.153333
vt 0.00874111 -0.156827
vt 0.00041763 -0.158841
vt 2.51634e-15 -0.158749
vt 0.00874111 -0.156827
vt 0.00041763 -0.158841
vt 0.00874111 -0.156827
vt 0.00809723 -0.15891
vt 0.000772766 -0.159114
vt 0.00041763 -0.158841
vt 0.00809723 -0.15891
vt 0.00101049 -0.159527
vt 0.000772766 -0.159114
vt 0.00809723 -0.15891
vt 0.00109404 -0.160015
vt 0.00101049 -0.159527
vt 0.00809723 -0.15891
vt 0.00101049 -0.160503
vt 0.00109404 -0.160015
vt 0.00809723 -0.15891
vt 0.000772766 -0.160916
vt 0.00101049 -0.160503
vt 0.00809723 -0.15891
vt 0.000772766 -0.160916
vt 0.00809723 -0.15891
vt 0.00782992 -0.161104
vt 0.00041763 -0.16119
vt 0.000772766 -0.160916
vt 0.00782992 -0.161104
vt 2.51621e-15 -0.161281
vt 0.00041763 -0.16119
vt 0.00782992 -0.161104
vt 2.51621e-15 -0.161281
vt 0.00782992 -0.161104
vt 0.00782992 -0.166073
vt 2.51621e-15 -0.161281
vt 0.00782992 -0.166073
vt 0.0077818 -0.166294
vt 2.51621e-15 -0.161281
vt 0.0077818 -0.166294
vt 0.00767102 -0.16648
vt 2.51621e-15 -0.161281
vt 0.00767102 -0.16648
vt 0.00751151 -0.16661
vt 2.51593e-15 -0.166667
vt 2.51621e-15 -0.161281
vt 0.00751151 -0.16661
vt 2.51593e-15 -0.166667
vt 0.00751151 -0.16661
vt 0.00732337 -0.166667
# индексы вершин текстуры с 625 по 1125

f  63/625 62/626 381/627
f  385/628 59/629 55/630
f  63/631 381/632 382/633
f  384/634 385/635 55/636
f  63/637 382/638 383/639
f  383/640 384/641 55/642
f  67/643 63/644 383/645
f  67/646 383/647 55/648
f  377/649 67/650 55/651
f  376/652 377/653 55/654
f  374/655 375/656 376/657
f  376/658 55/659 54/660
f  374/661 376/662 54/663
f  374/664 54/665 389/666
f  374/667 389/668 390/669
f  374/670 390/671 391/672
f  374/673 391/674 51/675
f  373/676 374/677 51/678
f  373/679 51/680 50/681
f  372/682 373/683 50/684
f  372/685 50/686 394/687
f  372/688 394/689 395/690
f  371/691 372/692 395/693
f  371/694 395/695 396/696
f  70/697 371/698 396/699
f  70/700 396/701 47/702
f  71/703 70/704 47/705
f  368/706 71/707 47/708
f  368/709 47/710 46/711
f  367/712 368/713 46/714
f  366/715 367/716 46/717
f  74/718 366/719 46/720
f  74/721 46/722 399/723
f  75/724 74/725 399/726
f  363/727 75/728 399/729
f  362/730 363/731 399/732
f  362/733 399/734 400/735
f  361/736 362/737 400/738
f  361/739 400/740 401/741
f  361/742 401/743 43/744
f  361/745 43/746 42/747
f  361/748 42/749 404/750
f  361/751 404/752 405/753
f  361/754 405/755 406/756
f  361/757 406/758 39/759
f  78/760 361/761 39/762
f  79/763 78/764 39/765
f  358/766 79/767 39/768
f  357/769 358/770 39/771
f  356/772 357/773 39/774
f  82/775 356/776 39/777
f  82/778 39/779 38/780
f  82/781 38/782 409/783
f  83/784 82/785 409/786
f  83/787 409/788 410/789
f  87/790 83/791 410/792
f  87/793 410/794 411/795
f  87/796 411/797 35/798
f  87/799 35/800 34/801
f  87/802 34/803 414/804
f  87/805 414/806 415/807
f  87/808 415/809 416/810
f  91/811 87/812 416/813
f  351/814 91/815 416/816
f  351/817 416/818 31/819
f  350/820 351/821 31/822
f  349/823 350/824 31/825
f  348/826 349/827 31/828
f  347/829 348/830 31/831
f  346/832 347/833 31/834
f  345/835 346/836 31/837
f  94/838 345/839 31/840
f  99/841 95/842 94/843
f  99/844 94/845 31/846
f  341/847 99/848 31/849
f  340/850 341/851 31/852
f  339/853 340/854 31/855
f  102/856 339/857 31/858
f  103/859 102/860 31/861
f  103/862 31/863 30/864
f  336/865 103/866 30/867
f  336/868 30/869 419/870
f  335/871 336/872 419/873
f  335/874 419/875 420/876
f  335/877 420/878 421/879
f  334/880 335/881 421/882
f  334/883 421/884 422/885
f  334/886 422/887 423/888
f  334/889 423/890 424/891
f  333/892 334/893 424/894
f  332/895 333/896 424/897
f  332/898 424/899 425/900
f  331/901 332/902 425/903
f  330/904 331/905 425/906
f  329/907 330/908 425/909
f  329/910 425/911 27/912
f  328/913 329/914 27/915
f  328/916 27/917 26/918
f  327/919 328/920 26/921
f  327/922 26/923 428/924
f  327/925 428/926 429/927
f  327/928 429/929 430/930
f  327/931 430/932 23/933
f  326/934 327/935 23/936
f  326/937 23/938 22/939
f  326/940 22/941 433/942
f  326/943 433/944 434/945
f  326/946 434/947 435/948
f  326/949 435/950 19/951
f  325/952 326/953 19/954
f  325/955 19/956 18/957
f  325/958 18/959 438/960
f  325/961 438/962 439/963
f  325/964 439/965 440/966
f  325/967 440/968 15/969
f  324/970 325/971 15/972
f  324/973 15/974 14/975
f  324/976 14/977 443/978
f  323/979 324/980 443/981
f  323/982 443/983 11/984
f  322/985 323/986 11/987
f  106/988 322/989 11/990
f  106/991 11/992 10/993
f  107/994 106/995 10/996
f  319/997 107/998 10/999
f  318/1000 319/1001 10/1002
f  318/1003 10/1004 446/1005
f  317/1006 318/1007 446/1008
f  316/1009 317/1010 446/1011
f  315/1012 316/1013 446/1014
f  315/1015 446/1016 447/1017
f  314/1018 315/1019 447/1020
f  313/1021 314/1022 447/1023
f  110/1024 313/1025 447/1026
f  110/1027 447/1028 448/1029
f  110/1030 448/1031 449/1032
f  111/1033 110/1034 449/1035
f  111/1036 449/1037 450/1038
f  310/1039 111/1040 450/1041
f  310/1042 450/1043 7/1044
f  309/1045 310/1046 7/1047
f  308/1048 309/1049 7/1050
f  307/1051 308/1052 7/1053
f  306/1054 307/1055 7/1056
f  305/1057 306/1058 7/1059
f  304/1060 305/1061 7/1062
f  304/1063 7/1064 6/1065
f  114/1066 304/1067 6/1068
f  115/1069 6/1070 453/1071
f  115/1072 453/1073 454/1074
f  119/1075 115/1076 454/1077
f  300/1078 119/1079 454/1080
f  300/1081 454/1082 455/1083
f  299/1084 300/1085 455/1086
f  298/1087 299/1088 455/1089
f  297/1090 298/1091 455/1092
f  296/1093 297/1094 455/1095
f  295/1096 296/1097 455/1098
f  295/1099 455/1100 3/1101
f  294/1102 295/1103 3/1104
f  293/1105 294/1106 3/1107
f  293/1108 3/1109 2/1110
f  293/1111 2/1112 458/1113
f  293/1114 458/1115 459/1116
f  293/1117 459/1118 460/1119
f  292/1120 293/1121 460/1122
f  292/1123 460/1124 291/1125
vt -1.5418e-31 -0.161281
vt 0.213333 -0.161281
vt 0.213333 -0.166667
vt -1.54163e-31 -0.166667
# индексы вершин текстуры с 1126 по 1129

f  121/1126 293/1127 292/1128 122/1129
vt -1.54163e-31 2.95039e-15
vt 0.213333 2.94835e-15
vt 0.213333 0.00858207
vt -4.48427e-19 0.00858207
# индексы вершин текстуры с 1130 по 1133

f  122/1130 292/1131 291/1132 123/1133

g Конструктив_-_Стены_Несущие Кирпич_-_Красный SMOOTH_PART

usemtl Кирпич_-_Красный

v 0 -5.28153 -99.9662
v 150 -5.28153 -99.9662
v 150 -5.39368 -99.8883
v 0 -5.39368 -99.8883
v 0 -5.39368 -99.8883
v 150 -5.39368 -99.8883
v 150 -5.47158 -99.7761
v 0 -5.47158 -99.7761
v 0 -5.47158 -99.7761
v 150 -5.47158 -99.7761
v 150 -5.50541 -99.6438
v 0 -5.50541 -99.6438
v 0 -5.50541 -96.6622
v 150 -5.50541 -96.6622
v 150 -5.69337 -95.3461
v 0 -5.69337 -95.3461
v 0 -5.69337 -95.3461
v 150 -5.69337 -95.3461
v 150 -6.1461 -94.0961
v 0 -6.1461 -94.0961
v 0 -6.1461 -94.0961
v 150 -6.1461 -94.0961
v 150 -6.84452 -92.9648
v 0 -6.84452 -92.9648
v 0 -6.84452 -92.9648
v 150 -6.84452 -92.9648
v 150 -7.75922 -92
v 0 -7.75922 -92
v 0 -11.2234 -89.3759
v 150 -11.2234 -89.3759
v 150 -12.1434 -88.5184
v 0 -12.1434 -88.5184
v 0 -12.1434 -88.5184
v 150 -12.1434 -88.5184
v 150 -12.8702 -87.4925
v 0 -12.8702 -87.4925
v 0 -12.8702 -87.4925
v 150 -12.8702 -87.4925
v 150 -13.3619 -86.3782
v 0 -13.3619 -86.3782
v 0 -13.3619 -86.3782
v 150 -13.3619 -86.3782
v 150 -13.6354 -85.0994
v 0 -13.6354 -85.0994
v 0 -13.6354 -85.0994
v 150 -13.6354 -85.0994
v 150 -13.6429 -83.8871
v 0 -13.6429 -83.8871
v 0 -13.6429 -83.8871
v 150 -13.6429 -83.8871
v 150 -13.4133 -82.6967
v 0 -13.4133 -82.6967
v 0 -12.9074 -81.5994
v 150 -12.9074 -81.5994
v 150 -12.1719 -80.6974
v 0 -12.1719 -80.6974
v 0 -12.1719 -80.6974
v 150 -12.1719 -80.6974
v 150 -11.2047 -80.05
v 0 -11.2047 -80.05
v 0 -9.24429 -79.0115
v 150 -9.24429 -79.0115
v 150 -9.13725 -78.9343
v 0 -9.13725 -78.9343
v 0 -9.13725 -78.9343
v 150 -9.13725 -78.9343
v 150 -9.05092 -78.8344
v 0 -9.05092 -78.8344
v 0 -9.05092 -78.8344
v 150 -9.05092 -78.8344
v 150 -8.98995 -78.7173
v 0 -8.98995 -78.7173
v 0 -8.98995 -78.7173
v 150 -8.98995 -78.7173
v 150 -8.95765 -78.5893
v 0 -8.95765 -78.5893
v 0 -8.95765 -78.2891
v 150 -8.95765 -78.2891
v 150 -8.99005 -78.0963
v 0 -8.99005 -78.0963
v 0 -8.99005 -78.0963
v 150 -8.99005 -78.0963
v 150 -9.08322 -77.9254
v 0 -9.08322 -77.9254
v 0 -9.08322 -77.9254
v 150 -9.08322 -77.9254
v 150 -9.22701 -77.7941
v 0 -9.22701 -77.7941
v 0 -9.22701 -77.7941
v 150 -9.22701 -77.7941
v 150 -9.40643 -77.7166
v 0 -9.40643 -77.7166
v 0 -12.0777 -77.06
v 150 -12.0777 -77.06
v 150 -12.391 -76.9167
v 0 -12.391 -76.9167
v 0 -12.391 -76.9167
v 150 -12.391 -76.9167
v 150 -12.6391 -76.6776
v 0 -12.6391 -76.6776
v 0 -12.6391 -76.6776
v 150 -12.6391 -76.6776
v 150 -12.7938 -76.3697
v 0 -12.7938 -76.3697
v 0 -12.7938 -76.3697
v 150 -12.7938 -76.3697
v 150 -12.8376 -76.028
v 0 -12.8376 -76.028
v 0 -12.8376 -74.5269
v 150 -12.8376 -74.5269
v 150 -12.7967 -74.1957
v 0 -12.7967 -74.1957
v 0 -12.7967 -74.1957
v 150 -12.7967 -74.1957
v 150 -12.6786 -73.8836
v 0 -12.6786 -73.8836
v 0 -12.6786 -73.8836
v 150 -12.6786 -73.8836
v 150 -12.4903 -73.6082
v 0 -12.4903 -73.6082
v 0 -12.4903 -73.6082
v 150 -12.4903 -73.6082
v 150 -12.2422 -73.385
v 0 -12.2422 -73.385
v 0 -12.2422 -73.385
v 150 -12.2422 -73.385
v 150 -11.0706 -72.5812
v 0 -11.0706 -72.5812
v 0 -11.0706 -72.5812
v 150 -11.0706 -72.5812
v 150 -10.1651 -71.4862
v 0 -10.1651 -71.4862
v 0 -10.1651 -71.4862
v 150 -10.1651 -71.4862
v 150 -9.59554 -70.1846
v 0 -9.59554 -70.1846
v 0 -9.59554 -70.1846
v 150 -9.59554 -70.1846
v 150 -9.40573 -68.7765
v 0 -9.40573 -68.7765
v 0 -9.40573 -33.5114
v 150 -9.40573 -33.5114
v 150 -9.43415 -33.3471
v 0 -9.43415 -33.3471
v 0 -9.43415 -33.3471
v 150 -9.43415 -33.3471
v 150 -9.50916 -33.1982
v 0 -9.50916 -33.1982
v 0 -9.50916 -33.1982
v 150 -9.50916 -33.1982
v 150 -9.62427 -33.0775
v 0 -9.62427 -33.0775
v 0 -9.62427 -33.0775
v 150 -9.62427 -33.0775
v 150 -9.7695 -32.9956
v 0 -9.7695 -32.9956
v 0 -16.3827 -31.0447
v 150 -16.3827 -31.0447
v 150 -16.811 -30.8394
v 0 -16.811 -30.8394
v 0 -16.811 -30.8394
v 150 -16.811 -30.8394
v 150 -17.1464 -30.5032
v 0 -17.1464 -30.5032
v 0 -17.1464 -30.5032
v 150 -17.1464 -30.5032
v 150 -17.3507 -30.0744
v 0 -17.3507 -30.0744
v 0 -17.3507 -30.0744
v 150 -17.3507 -30.0744
v 150 -17.4004 -29.602
v 0 -17.4004 -29.602
v 0 -17.4004 -26.3635
v 150 -17.4004 -26.3635
v 150 -17.4426 -26.1785
v 0 -17.4426 -26.1785
v 0 -17.4426 -26.1785
v 150 -17.4426 -26.1785
v 150 -17.5494 -26.0217
v 0 -17.5494 -26.0217
v 0 -17.5494 -26.0217
v 150 -17.5494 -26.0217
v 150 -17.7062 -25.9149
v 0 -17.7062 -25.9149
v 0 -17.7062 -25.9149
v 150 -17.7062 -25.9149
v 150 -17.8912 -25.8727
v 0 -17.8912 -25.8727
v 0 -19.4036 -25.7495
v 150 -19.4036 -25.7495
v 150 -22.381 -25.3062
v 0 -22.381 -25.3062
v 0 -22.381 -25.3062
v 150 -22.381 -25.3062
v 150 -25.1423 -24.1078
v 0 -25.1423 -24.1078
v 0 -25.1423 -24.1078
v 150 -25.1423 -24.1078
v 150 -27.4996 -22.2359
v 0 -27.4996 -22.2359
v 0 -27.4996 -22.2359
v 150 -27.4996 -22.2359
v 150 -29.2926 -19.818
v 0 -29.2926 -19.818
v 0 -30.6635 -17.2165
v 150 -30.6635 -17.2165
v 150 -32.2548 -14.6193
v 0 -32.2548 -14.6193
v 0 -32.2548 -14.6193
v 150 -32.2548 -14.6193
v 150 -34.4399 -12.4972
v 0 -34.4399 -12.4972
v 0 -34.4399 -12.4972
v 150 -34.4399 -12.4972
v 150 -37.0825 -10.9825
v 0 -37.0825 -10.9825
v 0 -37.0825 -10.9825
v 150 -37.0825 -10.9825
v 150 -40.0179 -10.1695
v 0 -40.0179 -10.1695
v 0 -47.8217 -9.0221
v 150 -47.8217 -9.0221
v 150 -47.9061 -8.95743
v 0 -47.9061 -8.95743
v 0 -47.9061 -8.95743
v 150 -47.9061 -8.95743
v 150 -47.9698 -8.87228
v 0 -47.9698 -8.87228
v 0 -47.9698 -8.87228
v 150 -47.9698 -8.87228
v 150 -48.008 -8.77302
v 0 -48.008 -8.77302
v 0 -48.008 -8.77302
v 150 -48.008 -8.77302
v 150 -48.0179 -8.66712
v 0 -48.0179 -8.66712
v 0 -44.7436 -3.01338
v 150 -44.7436 -3.01338
v 150 -44.6517 -3.37262
v 0 -44.6517 -3.37262
v 0 -44.6517 -3.37262
v 150 -44.6517 -3.37262
v 150 -44.3972 -3.6423
v 0 -44.3972 -3.6423
v 0 -44.3972 -3.6423
v 150 -44.3972 -3.6423
v 150 -44.0029 -3.75599
v 0 -44.0029 -3.75599
v 0 -44.0029 -3.75599
v 150 -44.0029 -3.75599
v 150 -43.6083 -3.64215
v 0 -43.6083 -3.64215
v 0 -43.6083 -3.64215
v 150 -43.6083 -3.64215
v 150 -43.3349 -3.33561
v 0 -43.3349 -3.33561
v 0 -43.3349 -3.33561
v 150 -43.3349 -3.33561
v 150 -43.2621 -3.01338
v 0 -43.2621 -3.01338
v 0 -40.0179 -5.73546
v 150 -40.0179 -5.73546
v 150 -39.8472 -6.04155
v 0 -39.8472 -6.04155
v 0 -39.8472 -6.04155
v 150 -39.8472 -6.04155
v 150 -39.5411 -6.21225
v 0 -39.5411 -6.21225
v 0 -39.5411 -6.21225
v 150 -39.5411 -6.21225
v 150 -36.8194 -6.81486
v 0 -36.8194 -6.81486
v 0 -36.8194 -6.81486
v 150 -36.8194 -6.81486
v 150 -34.2458 -7.88598
v 0 -34.2458 -7.88598
v 0 -34.2458 -7.88598
v 150 -34.2458 -7.88598
v 150 -32.3433 -9.06127
v 0 -32.3433 -9.06127
v 0 -32.3433 -9.06127
v 150 -32.3433 -9.06127
v 150 -30.4706 -10.6442
v 0 -30.4706 -10.6442
v 0 -30.4706 -10.6442
v 150 -30.4706 -10.6442
v 150 -28.7307 -12.6823
v 0 -28.7307 -12.6823
v 0 -28.7307 -12.6823
v 150 -28.7307 -12.6823
v 150 -27.3598 -14.985
v 0 -27.3598 -14.985
v 0 -25.7416 -17.9505
v 150 -25.7416 -17.9505
v 150 -24.7224 -19.3708
v 0 -24.7224 -19.3708
v 0 -24.7224 -19.3708
v 150 -24.7224 -19.3708
v 150 -23.3908 -20.5035
v 0 -23.3908 -20.5035
v 0 -23.3908 -20.5035
v 150 -23.3908 -20.5035
v 150 -21.8253 -21.2815
v 0 -21.8253 -21.2815
v 0 -21.8253 -21.2815
v 150 -21.8253 -21.2815
v 150 -20.1184 -21.659
v 0 -20.1184 -21.659
v 0 -17.5648 -21.867
v 150 -17.5648 -21.867
v 150 -15.9053 -22.326
v 0 -15.9053 -22.326
v 0 -15.9053 -22.326
v 150 -15.9053 -22.326
v 150 -14.5392 -23.374
v 0 -14.5392 -23.374
v 0 -14.5392 -23.374
v 150 -14.5392 -23.374
v 150 -13.666 -24.8579
v 0 -13.666 -24.8579
v 0 -13.666 -24.8579
v 150 -13.666 -24.8579
v 150 -13.4133 -26.561
v 0 -13.4133 -26.561
v 0 -13.4133 -27.4024
v 150 -13.4133 -27.4024
v 150 -13.3951 -27.5538
v 0 -13.3951 -27.5538
v 0 -13.3951 -27.5538
v 150 -13.3951 -27.5538
v 150 -13.3261 -27.6899
v 0 -13.3261 -27.6899
v 0 -13.3261 -27.6899
v 150 -13.3261 -27.6899
v 150 -13.2148 -27.7941
v 0 -13.2148 -27.7941
v 0 -13.2148 -27.7941
v 150 -13.2148 -27.7941
v 150 -13.0745 -27.854
v 0 -13.0745 -27.854
v 0 -1.77289e-12 -33.3842
v 150 -1.76248e-12 -33.3842
v 150 -0.293456 -33.4429
v 0 -0.293456 -33.4429
v 0 -0.293456 -33.4429
v 150 -0.293456 -33.4429
v 150 -0.542171 -33.6093
v 0 -0.542171 -33.6093
v 0 -0.542171 -33.6093
v 150 -0.542171 -33.6093
v 150 -0.70833 -33.8582
v 0 -0.70833 -33.8582
v 0 -0.70833 -33.8582
v 150 -0.70833 -33.8582
v 150 -0.766673 -34.1517
v 0 -0.766673 -34.1517
v 0 -0.766673 -34.1517
v 150 -0.766673 -34.1517
v 150 -0.70833 -34.4453
v 0 -0.70833 -34.4453
v 0 -0.70833 -34.4453
v 150 -0.70833 -34.4453
v 150 -0.542171 -34.6942
v 0 -0.542171 -34.6942
v 0 -0.542171 -34.6942
v 150 -0.542171 -34.6942
v 150 -0.293456 -34.8606
v 0 -0.293456 -34.8606
v 0 -0.293456 -34.8606
v 150 -0.293456 -34.8606
v 150 -1.76248e-12 -34.9193
v 0 -1.77289e-12 -34.9193
v 0 -4.90401 -38.1396
v 150 -4.90401 -38.1396
v 150 -5.10868 -38.1911
v 0 -5.10868 -38.1911
v 0 -5.10868 -38.1911
v 150 -5.10868 -38.1911
v 150 -5.27787 -38.3173
v 0 -5.27787 -38.3173
v 0 -5.27787 -38.3173
v 150 -5.27787 -38.3173
v 150 -5.38566 -38.4987
v 0 -5.38566 -38.4987
v 0 -5.38566 -38.4987
v 150 -5.38566 -38.4987
v 150 -5.41551 -38.7077
v 0 -5.41551 -38.7077
v 0 -5.41551 -68.7765
v 150 -5.41551 -68.7765
v 150 -5.50649 -70.1451
v 0 -5.50649 -70.1451
v 0 -5.50649 -70.1451
v 150 -5.50649 -70.1451
v 150 -5.80609 -71.4836
v 0 -5.80609 -71.4836
v 0 -5.80609 -71.4836
v 150 -5.80609 -71.4836
v 150 -6.30721 -72.7604
v 0 -6.30721 -72.7604
v 0 -6.30721 -72.7604
v 150 -6.30721 -72.7604
v 150 -6.99804 -73.9454
v 0 -6.99804 -73.9454
v 0 -6.99804 -73.9454
v 150 -6.99804 -73.9454
v 150 -7.04052 -74.087
v 0 -7.04052 -74.087
v 0 -7.04052 -74.087
v 150 -7.04052 -74.087
v 150 -7.03974 -74.2348
v 0 -7.03974 -74.2348
v 0 -7.03974 -74.2348
v 150 -7.03974 -74.2348
v 150 -6.99576 -74.3759
v 0 -6.99576 -74.3759
v 0 -6.99576 -74.3759
v 150 -6.99576 -74.3759
v 150 -6.91242 -74.498
v 0 -6.91242 -74.498
v 0 -6.91242 -74.498
v 150 -6.91242 -74.498
v 150 -6.05495 -75.2982
v 0 -6.05495 -75.2982
v 0 -6.05495 -75.2982
v 150 -6.05495 -75.2982
v 150 -5.41774 -76.2828
v 0 -5.41774 -76.2828
v 0 -5.41774 -76.2828
v 150 -5.41774 -76.2828
v 150 -5.03904 -77.3927
v 0 -5.03904 -77.3927
v 0 -5.03904 -77.3927
v 150 -5.03904 -77.3927
v 150 -4.94156 -78.5615
v 0 -4.94156 -78.5615
v 0 -4.94156 -78.5615
v 150 -4.94156 -78.5615
v 150 -5.13116 -79.7188
v 0 -5.13116 -79.7188
v 0 -5.13116 -79.7188
v 150 -5.13116 -79.7188
v 150 -5.59646 -80.7954
v 0 -5.59646 -80.7954
v 0 -5.59646 -80.7954
v 150 -5.59646 -80.7954
v 150 -6.30953 -81.7265
v 0 -6.30953 -81.7265
v 0 -6.30953 -81.7265
v 150 -6.30953 -81.7265
v 150 -7.2276 -82.4563
v 0 -7.2276 -82.4563
v 0 -9.03291 -83.4543
v 150 -9.03291 -83.4543
v 150 -9.29107 -83.6371
v 0 -9.29107 -83.6371
v 0 -9.29107 -83.6371
v 150 -9.29107 -83.6371
v 150 -9.49066 -83.8826
v 0 -9.49066 -83.8826
v 0 -9.49066 -83.8826
v 150 -9.49066 -83.8826
v 150 -9.61701 -84.1726
v 0 -9.61701 -84.1726
v 0 -9.61701 -84.1726
v 150 -9.61701 -84.1726
v 150 -9.66084 -84.4859
v 0 -9.66084 -84.4859
v 0 -9.66084 -84.4859
v 150 -9.66084 -84.4859
v 150 -9.61226 -84.9828
v 0 -9.61226 -84.9828
v 0 -9.61226 -84.9828
v 150 -9.61226 -84.9828
v 150 -9.44663 -85.4539
v 0 -9.44663 -85.4539
v 0 -9.44663 -85.4539
v 150 -9.44663 -85.4539
v 150 -9.17351 -85.8719
v 0 -9.17351 -85.8719
v 0 -9.17351 -85.8719
v 150 -9.17351 -85.8719
v 150 -8.80864 -86.2127
v 0 -8.80864 -86.2127
v 0 -5.8481 -88.4733
v 150 -5.8481 -88.4733
v 150 -4.98931 -89.1531
v 0 -4.98931 -89.1531
v 0 -4.98931 -89.1531
v 150 -4.98931 -89.1531
v 150 -4.20595 -89.9185
v 0 -4.20595 -89.9185
v 0 -4.20595 -89.9185
v 150 -4.20595 -89.9185
v 150 -3.50653 -90.7614
v 0 -3.50653 -90.7614
v 0 -3.50653 -90.7614
v 150 -3.50653 -90.7614
v 150 -2.89864 -91.6725
v 0 -2.89864 -91.6725
v 0 -2.89864 -91.6725
v 150 -2.89864 -91.6725
v 150 -2.82162 -91.8038
v 0 -2.82162 -91.8038
v 0 -2.82162 -91.8038
v 150 -2.82162 -91.8038
v 150 -2.71011 -91.9075
v 0 -2.71011 -91.9075
v 0 -2.71011 -91.9075
v 150 -2.71011 -91.9075
v 150 -2.57353 -91.9748
v 0 -2.57353 -91.9748
v 0 -2.57353 -91.9748
v 150 -2.57353 -91.9748
v 150 -2.42337 -92
v 0 -2.42337 -92
v 0 -1.77636e-12 -95.2495
v 150 -1.76595e-12 -95.2495
v 150 -0.293646 -95.3045
v 0 -0.293646 -95.3045
v 0 -0.293646 -95.3045
v 150 -0.293646 -95.3045
v 150 -0.543351 -95.4686
v 0 -0.543351 -95.4686
v 0 -0.543351 -95.4686
v 150 -0.543351 -95.4686
v 150 -0.7105 -95.7162
v 0 -0.7105 -95.7162
v 0 -0.7105 -95.7162
v 150 -0.7105 -95.7162
v 150 -0.769245 -96.0091
v 0 -0.769245 -96.0091
v 0 -0.769245 -96.0091
v 150 -0.769245 -96.0091
v 150 -0.7105 -96.3021
v 0 -0.7105 -96.3021
v 0 -0.7105 -96.3021
v 150 -0.7105 -96.3021
v 150 -0.543351 -96.5497
v 0 -0.543351 -96.5497
v 0 -0.543351 -96.5497
v 150 -0.543351 -96.5497
v 150 -0.293646 -96.7138
v 0 -0.293646 -96.7138
v 0 -0.293646 -96.7138
v 150 -0.293646 -96.7138
v 150 -1.76595e-12 -96.7688
v 0 -1.77636e-12 -96.7688
v 0 -5.14924 -100
v 150 -5.14924 -100
v 150 -5.28153 -99.9662
v 0 -5.28153 -99.9662
# индексы вершин с 469 по 1020

vn 2.54552e-17 -0.415715 -0.909495
vn 2.54552e-17 -0.415715 -0.909495
vn 4.32978e-17 -0.707107 -0.707107
vn 4.32978e-17 -0.707107 -0.707107
vn 4.32978e-17 -0.707107 -0.707107
vn 4.32978e-17 -0.707107 -0.707107
vn 5.56905e-17 -0.909495 -0.415715
vn 5.56905e-17 -0.909495 -0.415715
vn 5.56905e-17 -0.909495 -0.415715
vn 5.56905e-17 -0.909495 -0.415715
vn 5.93228e-17 -0.968815 -0.247786
vn 5.93228e-17 -0.968815 -0.247786
vn 6.06173e-17 -0.989956 -0.141375
vn 6.06173e-17 -0.989956 -0.141375
vn 5.94087e-17 -0.970218 -0.242232
vn 5.94087e-17 -0.970218 -0.242232
vn 5.94087e-17 -0.970218 -0.242232
vn 5.94087e-17 -0.970218 -0.242232
vn 5.51286e-17 -0.900318 -0.435233
vn 5.51286e-17 -0.900318 -0.435233
vn 5.51286e-17 -0.900318 -0.435233
vn 5.51286e-17 -0.900318 -0.435233
vn 4.85256e-17 -0.792482 -0.609895
vn 4.85256e-17 -0.792482 -0.609895
vn 4.85256e-17 -0.792482 -0.609895
vn 4.85256e-17 -0.792482 -0.609895
vn 4.44364e-17 -0.725701 -0.68801
vn 4.44364e-17 -0.725701 -0.68801
vn 4.17526e-17 -0.681871 -0.731472
vn 4.17526e-17 -0.681871 -0.731472
vn 4.60973e-17 -0.752825 -0.65822
vn 4.60973e-17 -0.752825 -0.65822
vn 4.60973e-17 -0.752825 -0.65822
vn 4.60973e-17 -0.752825 -0.65822
vn 5.32595e-17 -0.869793 -0.493416
vn 5.32595e-17 -0.869793 -0.493416
vn 5.32595e-17 -0.869793 -0.493416
vn 5.32595e-17 -0.869793 -0.493416
vn 5.82549e-17 -0.951374 -0.308037
vn 5.82549e-17 -0.951374 -0.308037
vn 5.82549e-17 -0.951374 -0.308037
vn 5.82549e-17 -0.951374 -0.308037
vn 6.08728e-17 -0.994129 -0.108204
vn 6.08728e-17 -0.994129 -0.108204
vn 6.08728e-17 -0.994129 -0.108204
vn 6.08728e-17 -0.994129 -0.108204
vn 6.09724e-17 -0.995755 0.0920465
vn 6.09724e-17 -0.995755 0.0920465
vn 6.09724e-17 -0.995755 0.0920465
vn 6.09724e-17 -0.995755 0.0920465
vn 6.01243e-17 -0.981904 0.189379
vn 6.01243e-17 -0.981904 0.189379
vn 4.74563e-17 -0.77502 0.631937
vn 4.74563e-17 -0.77502 0.631937
vn 4.12114e-17 -0.673033 0.739613
vn 4.12114e-17 -0.673033 0.739613
vn 4.12114e-17 -0.673033 0.739613
vn 4.12114e-17 -0.673033 0.739613
vn 3.406e-17 -0.556242 0.83102
vn 3.406e-17 -0.556242 0.83102
vn 3.58327e-17 -0.585192 0.810895
vn 3.58327e-17 -0.585192 0.810895
vn 4.13573e-17 -0.675415 0.737437
vn 4.13573e-17 -0.675415 0.737437
vn 4.13573e-17 -0.675415 0.737437
vn 4.13573e-17 -0.675415 0.737437
vn 5.06598e-17 -0.827337 0.561706
vn 5.06598e-17 -0.827337 0.561706
vn 5.06598e-17 -0.827337 0.561706
vn 5.06598e-17 -0.827337 0.561706
vn 5.72286e-17 -0.934614 0.355664
vn 5.72286e-17 -0.934614 0.355664
vn 5.72286e-17 -0.934614 0.355664
vn 5.72286e-17 -0.934614 0.355664
vn 5.93708e-17 -0.969598 0.244703
vn 5.93708e-17 -0.969598 0.244703
vn 6.03853e-17 -0.986167 -0.165757
vn 6.03853e-17 -0.986167 -0.165757
vn 5.78736e-17 -0.945148 -0.326643
vn 5.78736e-17 -0.945148 -0.326643
vn 5.78736e-17 -0.945148 -0.326643
vn 5.78736e-17 -0.945148 -0.326643
vn 4.81889e-17 -0.786984 -0.616973
vn 4.81889e-17 -0.786984 -0.616973
vn 4.81889e-17 -0.786984 -0.616973
vn 4.81889e-17 -0.786984 -0.616973
vn 3.32368e-17 -0.542798 -0.839864
vn 3.32368e-17 -0.542798 -0.839864
vn 3.32368e-17 -0.542798 -0.839864
vn 3.32368e-17 -0.542798 -0.839864
vn 2.42696e-17 -0.396353 -0.918098
vn 2.42696e-17 -0.396353 -0.918098
vn 2.54715e-17 -0.415981 -0.909374
vn 2.54715e-17 -0.415981 -0.909374
vn 3.44753e-17 -0.563024 -0.82644
vn 3.44753e-17 -0.563024 -0.82644
vn 3.44753e-17 -0.563024 -0.82644
vn 3.44753e-17 -0.563024 -0.82644
vn 4.93067e-17 -0.80524 -0.592949
vn 4.93067e-17 -0.80524 -0.592949
vn 4.93067e-17 -0.80524 -0.592949
vn 4.93067e-17 -0.80524 -0.592949
vn 5.85573e-17 -0.956313 -0.292344
vn 5.85573e-17 -0.956313 -0.292344
vn 5.85573e-17 -0.956313 -0.292344
vn 5.85573e-17 -0.956313 -0.292344
vn 6.07341e-17 -0.991863 -0.127311
vn 6.07341e-17 -0.991863 -0.127311
vn 6.07689e-17 -0.992431 0.1228
vn 6.07689e-17 -0.992431 0.1228
vn 5.94436e-17 -0.970788 0.23994
vn 5.94436e-17 -0.970788 0.23994
vn 5.94436e-17 -0.970788 0.23994
vn 5.94436e-17 -0.970788 0.23994
vn 5.42932e-17 -0.886675 0.462392
vn 5.42932e-17 -0.886675 0.462392
vn 5.42932e-17 -0.886675 0.462392
vn 5.42932e-17 -0.886675 0.462392
vn 4.6072e-17 -0.752413 0.658692
vn 4.6072e-17 -0.752413 0.658692
vn 4.6072e-17 -0.752413 0.658692
vn 4.6072e-17 -0.752413 0.658692
vn 3.78772e-17 -0.618581 0.785721
vn 3.78772e-17 -0.618581 0.785721
vn 3.78772e-17 -0.618581 0.785721
vn 3.78772e-17 -0.618581 0.785721
vn 4.13149e-17 -0.674724 0.73807
vn 4.13149e-17 -0.674724 0.73807
vn 4.13149e-17 -0.674724 0.73807
vn 4.13149e-17 -0.674724 0.73807
vn 5.2147e-17 -0.851625 0.524151
vn 5.2147e-17 -0.851625 0.524151
vn 5.2147e-17 -0.851625 0.524151
vn 5.2147e-17 -0.851625 0.524151
vn 5.89609e-17 -0.962904 0.269845
vn 5.89609e-17 -0.962904 0.269845
vn 5.89609e-17 -0.962904 0.269845
vn 5.89609e-17 -0.962904 0.269845
vn 6.06835e-17 -0.991037 0.133588
vn 6.06835e-17 -0.991037 0.133588
vn 6.03364e-17 -0.985368 -0.170443
vn 6.03364e-17 -0.985368 -0.170443
vn 5.81444e-17 -0.94957 -0.313556
vn 5.81444e-17 -0.94957 -0.313556
vn 5.81444e-17 -0.94957 -0.313556
vn 5.81444e-17 -0.94957 -0.313556
vn 5.00394e-17 -0.817206 -0.576345
vn 5.00394e-17 -0.817206 -0.576345
vn 5.00394e-17 -0.817206 -0.576345
vn 5.00394e-17 -0.817206 -0.576345
vn 3.76022e-17 -0.61409 -0.789236
vn 3.76022e-17 -0.61409 -0.789236
vn 3.76022e-17 -0.61409 -0.789236
vn 3.76022e-17 -0.61409 -0.789236
vn 3.00832e-17 -0.491295 -0.870993
vn 3.00832e-17 -0.491295 -0.870993
vn 2.64672e-17 -0.432242 -0.901757
vn 2.64672e-17 -0.432242 -0.901757
vn 3.54186e-17 -0.578429 -0.815733
vn 3.54186e-17 -0.578429 -0.815733
vn 3.54186e-17 -0.578429 -0.815733
vn 3.54186e-17 -0.578429 -0.815733
vn 5.0036e-17 -0.817149 -0.576426
vn 5.0036e-17 -0.817149 -0.576426
vn 5.0036e-17 -0.817149 -0.576426
vn 5.0036e-17 -0.817149 -0.576426
vn 5.89365e-17 -0.962506 -0.27126
vn 5.89365e-17 -0.962506 -0.27126
vn 5.89365e-17 -0.962506 -0.27126
vn 5.89365e-17 -0.962506 -0.27126
vn 6.08959e-17 -0.994505 -0.104687
vn 6.08959e-17 -0.994505 -0.104687
vn 5.97019e-17 -0.975007 -0.222175
vn 5.97019e-17 -0.975007 -0.222175
vn 5.6129e-17 -0.916657 -0.399675
vn 5.6129e-17 -0.916657 -0.399675
vn 5.6129e-17 -0.916657 -0.399675
vn 5.6129e-17 -0.916657 -0.399675
vn 4.32978e-17 -0.707107 -0.707107
vn 4.32978e-17 -0.707107 -0.707107
vn 4.32978e-17 -0.707107 -0.707107
vn 4.32978e-17 -0.707107 -0.707107
vn 2.44731e-17 -0.399675 -0.916657
vn 2.44731e-17 -0.399675 -0.916657
vn 2.44731e-17 -0.399675 -0.916657
vn 2.44731e-17 -0.399675 -0.916657
vn 1.36043e-17 -0.222175 -0.975007
vn 1.36043e-17 -0.222175 -0.975007
vn 9.01757e-18 -0.147268 -0.989097
vn 9.01757e-18 -0.147268 -0.989097
vn 1.68412e-17 -0.275038 -0.961433
vn 1.68412e-17 -0.275038 -0.961433
vn 1.68412e-17 -0.275038 -0.961433
vn 1.68412e-17 -0.275038 -0.961433
vn 3.14962e-17 -0.514373 -0.857567
vn 3.14962e-17 -0.514373 -0.857567
vn 3.14962e-17 -0.514373 -0.857567
vn 3.14962e-17 -0.514373 -0.857567
vn 4.40073e-17 -0.718695 -0.695326
vn 4.40073e-17 -0.718695 -0.695326
vn 4.40073e-17 -0.718695 -0.695326
vn 4.40073e-17 -0.718695 -0.695326
vn 4.91854e-17 -0.803259 -0.59563
vn 4.91854e-17 -0.803259 -0.59563
vn 5.22108e-17 -0.852667 -0.522454
vn 5.22108e-17 -0.852667 -0.522454
vn 4.78094e-17 -0.780787 -0.624798
vn 4.78094e-17 -0.780787 -0.624798
vn 4.78094e-17 -0.780787 -0.624798
vn 4.78094e-17 -0.780787 -0.624798
vn 3.68437e-17 -0.601704 -0.798719
vn 3.68437e-17 -0.601704 -0.798719
vn 3.68437e-17 -0.601704 -0.798719
vn 3.68437e-17 -0.601704 -0.798719
vn 2.3582e-17 -0.385123 -0.922865
vn 2.3582e-17 -0.385123 -0.922865
vn 2.3582e-17 -0.385123 -0.922865
vn 2.3582e-17 -0.385123 -0.922865
vn 1.63441e-17 -0.26692 -0.963719
vn 1.63441e-17 -0.26692 -0.963719
vn 3.72299e-17 -0.608011 -0.793929
vn 3.72299e-17 -0.608011 -0.793929
vn 4.35384e-17 -0.711037 -0.703155
vn 4.35384e-17 -0.711037 -0.703155
vn 4.35384e-17 -0.711037 -0.703155
vn 4.35384e-17 -0.711037 -0.703155
vn 5.35894e-17 -0.875181 -0.483796
vn 5.35894e-17 -0.875181 -0.483796
vn 5.35894e-17 -0.875181 -0.483796
vn 5.35894e-17 -0.875181 -0.483796
vn 5.96178e-17 -0.973633 -0.228122
vn 5.96178e-17 -0.973633 -0.228122
vn 5.96178e-17 -0.973633 -0.228122
vn 5.96178e-17 -0.973633 -0.228122
vn 6.09693e-17 -0.995704 -0.0925965
vn 6.09693e-17 -0.995704 -0.0925965
vn -5.93211e-17 0.968786 0.247897
vn -5.93211e-17 0.968786 0.247897
vn -5.3634e-17 0.875909 0.482476
vn -5.3634e-17 0.875909 0.482476
vn -5.3634e-17 0.875909 0.482476
vn -5.3634e-17 0.875909 0.482476
vn -3.18757e-17 0.52057 0.853819
vn -3.18757e-17 0.52057 0.853819
vn -3.18757e-17 0.52057 0.853819
vn -3.18757e-17 0.52057 0.853819
vn 5.8556e-21 -9.56291e-05 1
vn 5.8556e-21 -9.56291e-05 1
vn 5.8556e-21 -9.56291e-05 1
vn 5.8556e-21 -9.56291e-05 1
vn 3.2617e-17 -0.532676 0.846319
vn 3.2617e-17 -0.532676 0.846319
vn 3.2617e-17 -0.532676 0.846319
vn 3.2617e-17 -0.532676 0.846319
vn 5.44456e-17 -0.889163 0.45759
vn 5.44456e-17 -0.889163 0.45759
vn 5.44456e-17 -0.889163 0.45759
vn 5.44456e-17 -0.889163 0.45759
vn 5.97241e-17 -0.975369 0.220579
vn 5.97241e-17 -0.975369 0.220579
vn -5.34788e-17 0.873376 0.487047
vn -5.34788e-17 0.873376 0.487047
vn -4.32978e-17 0.707107 0.707107
vn -4.32978e-17 0.707107 0.707107
vn -4.32978e-17 0.707107 0.707107
vn -4.32978e-17 0.707107 0.707107
vn -2.17595e-17 0.35536 0.934729
vn -2.17595e-17 0.35536 0.934729
vn -2.17595e-17 0.35536 0.934729
vn -2.17595e-17 0.35536 0.934729
vn -1.84541e-17 0.301379 0.953504
vn -1.84541e-17 0.301379 0.953504
vn -1.84541e-17 0.301379 0.953504
vn -1.84541e-17 0.301379 0.953504
vn -2.79432e-17 0.456347 0.889802
vn -2.79432e-17 0.456347 0.889802
vn -2.79432e-17 0.456347 0.889802
vn -2.79432e-17 0.456347 0.889802
vn -3.59541e-17 0.587175 0.80946
vn -3.59541e-17 0.587175 0.80946
vn -3.59541e-17 0.587175 0.80946
vn -3.59541e-17 0.587175 0.80946
vn -4.31919e-17 0.705377 0.708832
vn -4.31919e-17 0.705377 0.708832
vn -4.31919e-17 0.705377 0.708832
vn -4.31919e-17 0.705377 0.708832
vn -4.97714e-17 0.812828 0.582504
vn -4.97714e-17 0.812828 0.582504
vn -4.97714e-17 0.812828 0.582504
vn -4.97714e-17 0.812828 0.582504
vn -5.26143e-17 0.859257 0.511544
vn -5.26143e-17 0.859257 0.511544
vn -4.97508e-17 0.812492 0.582972
vn -4.97508e-17 0.812492 0.582972
vn -4.50452e-17 0.735645 0.677368
vn -4.50452e-17 0.735645 0.677368
vn -4.50452e-17 0.735645 0.677368
vn -4.50452e-17 0.735645 0.677368
vn -3.37115e-17 0.550551 0.834802
vn -3.37115e-17 0.550551 0.834802
vn -3.37115e-17 0.550551 0.834802
vn -3.37115e-17 0.550551 0.834802
vn -2.03873e-17 0.33295 0.942944
vn -2.03873e-17 0.33295 0.942944
vn -2.03873e-17 0.33295 0.942944
vn -2.03873e-17 0.33295 0.942944
vn -1.32213e-17 0.21592 0.976411
vn -1.32213e-17 0.21592 0.976411
vn -1.63221e-17 0.26656 0.963818
vn -1.63221e-17 0.26656 0.963818
vn -2.7299e-17 0.445826 0.89512
vn -2.7299e-17 0.445826 0.89512
vn -2.7299e-17 0.445826 0.89512
vn -2.7299e-17 0.445826 0.89512
vn -4.58668e-17 0.749062 0.6625
vn -4.58668e-17 0.749062 0.6625
vn -4.58668e-17 0.749062 0.6625
vn -4.58668e-17 0.749062 0.6625
vn -5.77352e-17 0.942887 0.333112
vn -5.77352e-17 0.942887 0.333112
vn -5.77352e-17 0.942887 0.333112
vn -5.77352e-17 0.942887 0.333112
vn -6.0569e-17 0.989167 0.146795
vn -6.0569e-17 0.989167 0.146795
vn -6.07936e-17 0.992836 0.119489
vn -6.07936e-17 0.992836 0.119489
vn -5.85988e-17 0.956991 0.290118
vn -5.85988e-17 0.956991 0.290118
vn -5.85988e-17 0.956991 0.290118
vn -5.85988e-17 0.956991 0.290118
vn -4.89859e-17 0.8 0.6
vn -4.89859e-17 0.8 0.6
vn -4.89859e-17 0.8 0.6
vn -4.89859e-17 0.8 0.6
vn -3.34617e-17 0.546471 0.837478
vn -3.34617e-17 0.546471 0.837478
vn -3.34617e-17 0.546471 0.837478
vn -3.34617e-17 0.546471 0.837478
vn -2.40461e-17 0.392703 0.919665
vn -2.40461e-17 0.392703 0.919665
vn -1.20032e-17 0.196028 -0.980598
vn -1.20032e-17 0.196028 -0.980598
vn -2.34789e-17 0.38344 -0.923566
vn -2.34789e-17 0.38344 -0.923566
vn -2.34789e-17 0.38344 -0.923566
vn -2.34789e-17 0.38344 -0.923566
vn -4.33214e-17 0.707493 -0.70672
vn -4.33214e-17 0.707493 -0.70672
vn -4.33214e-17 0.707493 -0.70672
vn -4.33214e-17 0.707493 -0.70672
vn -5.65777e-17 0.923984 -0.382431
vn -5.65777e-17 0.923984 -0.382431
vn -5.65777e-17 0.923984 -0.382431
vn -5.65777e-17 0.923984 -0.382431
vn -6.12323e-17 1 -1.83941e-15
vn -6.12323e-17 1 -1.83941e-15
vn -6.12323e-17 1 -1.83941e-15
vn -6.12323e-17 1 -1.83941e-15
vn -5.65777e-17 0.923984 0.382431
vn -5.65777e-17 0.923984 0.382431
vn -5.65777e-17 0.923984 0.382431
vn -5.65777e-17 0.923984 0.382431
vn -4.33214e-17 0.707493 0.70672
vn -4.33214e-17 0.707493 0.70672
vn -4.33214e-17 0.707493 0.70672
vn -4.33214e-17 0.707493 0.70672
vn -2.34789e-17 0.38344 0.923566
vn -2.34789e-17 0.38344 0.923566
vn -2.34789e-17 0.38344 0.923566
vn -2.34789e-17 0.38344 0.923566
vn -1.20032e-17 0.196028 0.980598
vn -1.20032e-17 0.196028 0.980598
vn -1.49501e-17 0.244154 -0.969736
vn -1.49501e-17 0.244154 -0.969736
vn -2.62854e-17 0.429273 -0.903175
vn -2.62854e-17 0.429273 -0.903175
vn -2.62854e-17 0.429273 -0.903175
vn -2.62854e-17 0.429273 -0.903175
vn -4.5505e-17 0.743153 -0.669121
vn -4.5505e-17 0.743153 -0.669121
vn -4.5505e-17 0.743153 -0.669121
vn -4.5505e-17 0.743153 -0.669121
vn -5.77486e-17 0.943106 -0.332491
vn -5.77486e-17 0.943106 -0.332491
vn -5.77486e-17 0.943106 -0.332491
vn -5.77486e-17 0.943106 -0.332491
vn -6.06169e-17 0.989949 -0.141427
vn -6.06169e-17 0.989949 -0.141427
vn -6.10975e-17 0.997797 -0.0663339
vn -6.10975e-17 0.997797 -0.0663339
vn -6.06048e-17 0.989752 -0.142799
vn -6.06048e-17 0.989752 -0.142799
vn -6.06048e-17 0.989752 -0.142799
vn -6.06048e-17 0.989752 -0.142799
vn -5.85497e-17 0.956189 -0.292749
vn -5.85497e-17 0.956189 -0.292749
vn -5.85497e-17 0.956189 -0.292749
vn -5.85497e-17 0.956189 -0.292749
vn -5.51122e-17 0.90005 -0.435786
vn -5.51122e-17 0.90005 -0.435786
vn -5.51122e-17 0.90005 -0.435786
vn -5.51122e-17 0.90005 -0.435786
vn -5.61657e-17 0.917256 -0.398298
vn -5.61657e-17 0.917256 -0.398298
vn -5.61657e-17 0.917256 -0.398298
vn -5.61657e-17 0.917256 -0.398298
vn -6.06065e-17 0.989779 -0.142612
vn -6.06065e-17 0.989779 -0.142612
vn -6.06065e-17 0.989779 -0.142612
vn -6.06065e-17 0.989779 -0.142612
vn -6.05104e-17 0.98821 0.153103
vn -6.05104e-17 0.98821 0.153103
vn -6.05104e-17 0.98821 0.153103
vn -6.05104e-17 0.98821 0.153103
vn -5.51228e-17 0.900223 0.435429
vn -5.51228e-17 0.900223 0.435429
vn -5.51228e-17 0.900223 0.435429
vn -5.51228e-17 0.900223 0.435429
vn -4.64582e-17 0.758721 0.651416
vn -4.64582e-17 0.758721 0.651416
vn -4.64582e-17 0.758721 0.651416
vn -4.64582e-17 0.758721 0.651416
vn -4.69439e-17 0.766653 0.642062
vn -4.69439e-17 0.766653 0.642062
vn -4.69439e-17 0.766653 0.642062
vn -4.69439e-17 0.766653 0.642062
vn -5.50939e-17 0.899752 0.436402
vn -5.50939e-17 0.899752 0.436402
vn -5.50939e-17 0.899752 0.436402
vn -5.50939e-17 0.899752 0.436402
vn -5.99376e-17 0.978856 0.204552
vn -5.99376e-17 0.978856 0.204552
vn -5.99376e-17 0.978856 0.204552
vn -5.99376e-17 0.978856 0.204552
vn -6.11844e-17 0.999217 -0.0395725
vn -6.11844e-17 0.999217 -0.0395725
vn -6.11844e-17 0.999217 -0.0395725
vn -6.11844e-17 0.999217 -0.0395725
vn -5.87594e-17 0.959613 -0.281323
vn -5.87594e-17 0.959613 -0.281323
vn -5.87594e-17 0.959613 -0.281323
vn -5.87594e-17 0.959613 -0.281323
vn -5.28081e-17 0.862422 -0.50619
vn -5.28081e-17 0.862422 -0.50619
vn -5.28081e-17 0.862422 -0.50619
vn -5.28081e-17 0.862422 -0.50619
vn -4.36878e-17 0.713475 -0.70068
vn -4.36878e-17 0.713475 -0.70068
vn -4.36878e-17 0.713475 -0.70068
vn -4.36878e-17 0.713475 -0.70068
vn -3.81036e-17 0.622279 -0.782795
vn -3.81036e-17 0.622279 -0.782795
vn -3.53901e-17 0.577965 -0.816062
vn -3.53901e-17 0.577965 -0.816062
vn -4.18349e-17 0.683216 -0.730217
vn -4.18349e-17 0.683216 -0.730217
vn -4.18349e-17 0.683216 -0.730217
vn -4.18349e-17 0.683216 -0.730217
vn -5.23046e-17 0.854199 -0.519947
vn -5.23046e-17 0.854199 -0.519947
vn -5.23046e-17 0.854199 -0.519947
vn -5.23046e-17 0.854199 -0.519947
vn -5.89326e-17 0.962442 -0.271488
vn -5.89326e-17 0.962442 -0.271488
vn -5.89326e-17 0.962442 -0.271488
vn -5.89326e-17 0.962442 -0.271488
vn -6.12191e-17 0.999784 -0.0207749
vn -6.12191e-17 0.999784 -0.0207749
vn -6.12191e-17 0.999784 -0.0207749
vn -6.12191e-17 0.999784 -0.0207749
vn -5.97859e-17 0.976378 0.21607
vn -5.97859e-17 0.976378 0.21607
vn -5.97859e-17 0.976378 0.21607
vn -5.97859e-17 0.976378 0.21607
vn -5.49097e-17 0.896744 0.442549
vn -5.49097e-17 0.896744 0.442549
vn -5.49097e-17 0.896744 0.442549
vn -5.49097e-17 0.896744 0.442549
vn -4.68689e-17 0.765427 0.643523
vn -4.68689e-17 0.765427 0.643523
vn -4.68689e-17 0.765427 0.643523
vn -4.68689e-17 0.765427 0.643523
vn -4.18001e-17 0.682647 0.730748
vn -4.18001e-17 0.682647 0.730748
vn -3.80036e-17 0.620646 0.784091
vn -3.80036e-17 0.620646 0.784091
vn -4.04543e-17 0.660669 0.750678
vn -4.04543e-17 0.660669 0.750678
vn -4.04543e-17 0.660669 0.750678
vn -4.04543e-17 0.660669 0.750678
vn -4.50195e-17 0.735224 0.677825
vn -4.50195e-17 0.735224 0.677825
vn -4.50195e-17 0.735224 0.677825
vn -4.50195e-17 0.735224 0.677825
vn -4.90954e-17 0.80179 0.597607
vn -4.90954e-17 0.80179 0.597607
vn -4.90954e-17 0.80179 0.597607
vn -4.90954e-17 0.80179 0.597607
vn -5.18989e-17 0.847574 0.530678
vn -5.18989e-17 0.847574 0.530678
vn -5.18989e-17 0.847574 0.530678
vn -5.18989e-17 0.847574 0.530678
vn -4.77621e-17 0.780015 0.625761
vn -4.77621e-17 0.780015 0.625761
vn -4.77621e-17 0.780015 0.625761
vn -4.77621e-17 0.780015 0.625761
vn -3.47429e-17 0.567395 0.823446
vn -3.47429e-17 0.567395 0.823446
vn -3.47429e-17 0.567395 0.823446
vn -3.47429e-17 0.567395 0.823446
vn -1.87953e-17 0.30695 0.951726
vn -1.87953e-17 0.30695 0.951726
vn -1.87953e-17 0.30695 0.951726
vn -1.87953e-17 0.30695 0.951726
vn -1.01367e-17 0.165546 0.986202
vn -1.01367e-17 0.165546 0.986202
vn -1.12881e-17 0.184349 -0.982861
vn -1.12881e-17 0.184349 -0.982861
vn -2.29011e-17 0.374004 -0.927427
vn -2.29011e-17 0.374004 -0.927427
vn -2.29011e-17 0.374004 -0.927427
vn -2.29011e-17 0.374004 -0.927427
vn -4.30263e-17 0.702673 -0.711513
vn -4.30263e-17 0.702673 -0.711513
vn -4.30263e-17 0.702673 -0.711513
vn -4.30263e-17 0.702673 -0.711513
vn -5.64978e-17 0.922679 -0.385569
vn -5.64978e-17 0.922679 -0.385569
vn -5.64978e-17 0.922679 -0.385569
vn -5.64978e-17 0.922679 -0.385569
vn -6.12323e-17 1 -1.13233e-16
vn -6.12323e-17 1 -1.13233e-16
vn -6.12323e-17 1 -1.13233e-16
vn -6.12323e-17 1 -1.13233e-16
vn -5.64978e-17 0.922679 0.385569
vn -5.64978e-17 0.922679 0.385569
vn -5.64978e-17 0.922679 0.385569
vn -5.64978e-17 0.922679 0.385569
vn -4.30263e-17 0.702673 0.711513
vn -4.30263e-17 0.702673 0.711513
vn -4.30263e-17 0.702673 0.711513
vn -4.30263e-17 0.702673 0.711513
vn -2.29011e-17 0.374004 0.927427
vn -2.29011e-17 0.374004 0.927427
vn -2.29011e-17 0.374004 0.927427
vn -2.29011e-17 0.374004 0.927427
vn -1.12881e-17 0.184349 0.982861
vn -1.12881e-17 0.184349 0.982861
vn 1.51725e-17 -0.247786 -0.968815
vn 1.51725e-17 -0.247786 -0.968815
vn 2.54552e-17 -0.415715 -0.909495
vn 2.54552e-17 -0.415715 -0.909495
# индексы нормалей вершин с 1 по 552

s 1
vt -4.59948e-19 0.00880255
vt 0.213333 0.00880255
vt 0.213333 0.00898947
vt -4.69714e-19 0.00898947
# индексы вершин текстуры с 1134 по 1137

f  469/1134/1 470/1135/2 471/1136/3 472/1137/4
vt -4.69714e-19 -0.16648
vt 0.213333 -0.16648
vt 0.213333 -0.166294
vt -4.76498e-19 -0.166294
# индексы вершин текстуры с 1138 по 1141

f  472/1138/4 471/1139/3 475/1140/7 476/1141/8
vt -4.76498e-19 -0.166294
vt 0.213333 -0.166294
vt 0.213333 -0.166073
vt -4.79444e-19 -0.166073
# индексы вершин текстуры с 1142 по 1145

f  476/1142/8 475/1143/7 479/1144/11 480/1145/12
vt -4.79444e-19 -0.161104
vt 0.213333 -0.161104
vt 0.213333 -0.15891
vt -4.95813e-19 -0.15891
# индексы вершин текстуры с 1146 по 1149

f  481/1146/13 482/1147/14 483/1148/15 484/1149/16
vt -4.95813e-19 -0.15891
vt 0.213333 -0.15891
vt 0.213333 -0.156827
vt -5.35239e-19 -0.156827
# индексы вершин текстуры с 1150 по 1153

f  484/1150/16 483/1151/15 487/1152/19 488/1153/20
vt -5.35239e-19 -0.156827
vt 0.213333 -0.156827
vt 0.213333 -0.154941
vt -5.96062e-19 -0.154941
# индексы вершин текстуры с 1154 по 1157

f  488/1154/20 487/1155/19 491/1156/23 492/1157/24
vt -5.96062e-19 -0.154941
vt 0.213333 -0.154941
vt 0.213333 -0.153333
vt -6.75719e-19 -0.153333
# индексы вершин текстуры с 1158 по 1161

f  492/1158/24 491/1159/23 495/1160/27 496/1161/28
vt -9.77404e-19 0.0187057
vt 0.213333 0.0187057
vt 0.213333 0.0202389
vt -1.05752e-18 0.0202389
# индексы вершин текстуры с 1162 по 1165

f  497/1162/29 498/1163/30 499/1164/31 500/1165/32
vt -1.05752e-18 -0.147531
vt 0.213333 -0.147531
vt 0.213333 -0.145821
vt -1.12081e-18 -0.145821
# индексы вершин текстуры с 1166 по 1169

f  500/1166/32 499/1167/31 503/1168/35 504/1169/36
vt -1.12081e-18 -0.145821
vt 0.213333 -0.145821
vt 0.213333 -0.143964
vt -1.16364e-18 -0.143964
# индексы вершин текстуры с 1170 по 1173

f  504/1170/36 503/1171/35 507/1172/39 508/1173/40
vt -1.16364e-18 -0.143964
vt 0.213333 -0.143964
vt 0.213333 -0.141832
vt -1.18745e-18 -0.141832
# индексы вершин текстуры с 1174 по 1177

f  508/1174/40 507/1175/39 511/1176/43 512/1177/44
vt -1.18745e-18 -0.141832
vt 0.213333 -0.141832
vt 0.213333 -0.139812
vt -1.1881e-18 -0.139812
# индексы вершин текстуры с 1178 по 1181

f  512/1178/44 511/1179/43 515/1180/47 516/1181/48
vt -1.1881e-18 -0.139812
vt 0.213333 -0.139812
vt 0.213333 -0.137828
vt -1.16811e-18 -0.137828
# индексы вершин текстуры с 1182 по 1185

f  516/1182/48 515/1183/47 519/1184/51 520/1185/52
vt -1.12406e-18 -0.135999
vt 0.213333 -0.135999
vt 0.213333 -0.134496
vt -1.06e-18 -0.134496
# индексы вершин текстуры с 1186 по 1189

f  521/1186/53 522/1187/54 523/1188/55 524/1189/56
vt -1.06e-18 0.0202865
vt 0.213333 0.0202865
vt 0.213333 0.0186745
vt -9.75774e-19 0.0186745
# индексы вершин текстуры с 1190 по 1193

f  524/1190/56 523/1191/55 527/1192/59 528/1193/60
vt -8.05048e-19 0.0154072
vt 0.213333 0.0154072
vt 0.213333 0.0152287
vt -7.95726e-19 0.0152287
# индексы вершин текстуры с 1194 по 1197

f  529/1194/61 530/1195/62 531/1196/63 532/1197/64
vt -7.95726e-19 -0.131557
vt 0.213333 -0.131557
vt 0.213333 -0.131391
vt -7.88208e-19 -0.131391
# индексы вершин текстуры с 1198 по 1201

f  532/1198/64 531/1199/63 535/1200/67 536/1201/68
vt -7.88208e-19 -0.131391
vt 0.213333 -0.131391
vt 0.213333 -0.131196
vt -7.82899e-19 -0.131196
# индексы вершин текстуры с 1202 по 1205

f  536/1202/68 535/1203/67 539/1204/71 540/1205/72
vt -7.82899e-19 -0.131196
vt 0.213333 -0.131196
vt 0.213333 -0.130982
vt -7.80086e-19 -0.130982
# индексы вершин текстуры с 1206 по 1209

f  540/1206/72 539/1207/71 543/1208/75 544/1209/76
vt -7.80086e-19 -0.130482
vt 0.213333 -0.130482
vt 0.213333 -0.130161
vt -7.82907e-19 -0.130161
# индексы вершин текстуры с 1210 по 1213

f  545/1210/77 546/1211/78 547/1212/79 548/1213/80
vt -7.82907e-19 -0.130161
vt 0.213333 -0.130161
vt 0.213333 -0.129876
vt -7.91021e-19 -0.129876
# индексы вершин текстуры с 1214 по 1217

f  548/1214/80 547/1215/79 551/1216/83 552/1217/84
vt -7.91021e-19 0.0151387
vt 0.213333 0.0151387
vt 0.213333 0.0153784
vt -8.03544e-19 0.0153784
# индексы вершин текстуры с 1218 по 1221

f  552/1218/84 551/1219/83 555/1220/87 556/1221/88
vt -8.03544e-19 0.0153784
vt 0.213333 0.0153784
vt 0.213333 0.0156774
vt -8.19168e-19 0.0156774
# индексы вершин текстуры с 1222 по 1225

f  556/1222/88 555/1223/87 559/1224/91 560/1225/92
vt -1.0518e-18 0.0201295
vt 0.213333 0.0201295
vt 0.213333 0.0206517
vt -1.07908e-18 0.0206517
# индексы вершин текстуры с 1226 по 1229

f  561/1226/93 562/1227/94 563/1228/95 564/1229/96
vt -1.07908e-18 0.0206517
vt 0.213333 0.0206517
vt 0.213333 0.0210651
vt -1.10068e-18 0.0210651
# индексы вершин текстуры с 1230 по 1233

f  564/1230/96 563/1231/95 567/1232/99 568/1233/100
vt -1.10068e-18 -0.127796
vt 0.213333 -0.127796
vt 0.213333 -0.127283
vt -1.11416e-18 -0.127283
# индексы вершин текстуры с 1234 по 1237

f  568/1234/100 567/1235/99 571/1236/103 572/1237/104
vt -1.11416e-18 -0.127283
vt 0.213333 -0.127283
vt 0.213333 -0.126713
vt -1.11798e-18 -0.126713
# индексы вершин текстуры с 1238 по 1241

f  572/1238/104 571/1239/103 575/1240/107 576/1241/108
vt -1.11798e-18 -0.124211
vt 0.213333 -0.124211
vt 0.213333 -0.12366
vt -1.11441e-18 -0.12366
# индексы вершин текстуры с 1242 по 1245

f  577/1242/109 578/1243/110 579/1244/111 580/1245/112
vt -1.11441e-18 -0.12366
vt 0.213333 -0.12366
vt 0.213333 -0.123139
vt -1.10413e-18 -0.123139
# индексы вершин текстуры с 1246 по 1249

f  580/1246/112 579/1247/111 583/1248/115 584/1249/116
vt -1.10413e-18 -0.123139
vt 0.213333 -0.123139
vt 0.213333 -0.12268
vt -1.08773e-18 -0.12268
# индексы вершин текстуры с 1250 по 1253

f  584/1250/116 583/1251/115 587/1252/119 588/1253/120
vt -1.08773e-18 0.0208171
vt 0.213333 0.0208171
vt 0.213333 0.0204036
vt -1.06612e-18 0.0204036
# индексы вершин текстуры с 1254 по 1257

f  588/1254/120 587/1255/119 591/1256/123 592/1257/124
vt -1.06612e-18 0.0204036
vt 0.213333 0.0204036
vt 0.213333 0.018451
vt -9.64093e-19 0.018451
# индексы вершин текстуры с 1258 по 1261

f  592/1258/124 591/1259/123 595/1260/127 596/1261/128
vt -9.64093e-19 -0.120969
vt 0.213333 -0.120969
vt 0.213333 -0.119144
vt -8.85239e-19 -0.119144
# индексы вершин текстуры с 1262 по 1265

f  596/1262/128 595/1263/127 599/1264/131 600/1265/132
vt -8.85239e-19 -0.119144
vt 0.213333 -0.119144
vt 0.213333 -0.116974
vt -8.35637e-19 -0.116974
# индексы вершин текстуры с 1266 по 1269

f  600/1266/132 599/1267/131 603/1268/135 604/1269/136
vt -8.35637e-19 -0.116974
vt 0.213333 -0.116974
vt 0.213333 -0.114627
vt -8.19107e-19 -0.114627
# индексы вершин текстуры с 1270 по 1273

f  604/1270/136 603/1271/135 607/1272/139 608/1273/140
vt -8.19107e-19 -0.0558523
vt 0.213333 -0.0558523
vt 0.213333 -0.0555785
vt -8.21582e-19 -0.0555785
# индексы вершин текстуры с 1274 по 1277

f  609/1274/141 610/1275/142 611/1276/143 612/1277/144
vt -8.21582e-19 -0.0555785
vt 0.213333 -0.0555785
vt 0.213333 -0.0553303
vt -8.28115e-19 -0.0553303
# индексы вершин текстуры с 1278 по 1281

f  612/1278/144 611/1279/143 615/1280/147 616/1281/148
vt -8.28115e-19 -0.0553303
vt 0.213333 -0.0553303
vt 0.213333 -0.0551292
vt -8.38139e-19 -0.0551292
# индексы вершин текстуры с 1282 по 1285

f  616/1282/148 615/1283/147 619/1284/151 620/1285/152
vt -8.38139e-19 0.0160404
vt 0.213333 0.0160404
vt 0.213333 0.0162825
vt -8.50787e-19 0.0162825
# индексы вершин текстуры с 1286 по 1289

f  620/1286/152 619/1287/151 623/1288/155 624/1289/156
vt -1.42671e-18 0.0273045
vt 0.213333 0.0273045
vt 0.213333 0.0280184
vt -1.464e-18 0.0280184
# индексы вершин текстуры с 1290 по 1293

f  625/1290/157 626/1291/158 627/1292/159 628/1293/160
vt -1.464e-18 -0.051399
vt 0.213333 -0.051399
vt 0.213333 -0.0508386
vt -1.49321e-18 -0.0508386
# индексы вершин текстуры с 1294 по 1297

f  628/1294/160 627/1295/159 631/1296/163 632/1297/164
vt -1.49321e-18 -0.0508386
vt 0.213333 -0.0508386
vt 0.213333 -0.050124
vt -1.511e-18 -0.050124
# индексы вершин текстуры с 1298 по 1301

f  632/1298/164 631/1299/163 635/1300/167 636/1301/168
vt -1.511e-18 -0.050124
vt 0.213333 -0.050124
vt 0.213333 -0.0493367
vt -1.51533e-18 -0.0493367
# индексы вершин текстуры с 1302 по 1305

f  636/1302/168 635/1303/167 639/1304/171 640/1305/172
vt -1.51533e-18 -0.0439392
vt 0.213333 -0.0439392
vt 0.213333 -0.0436308
vt -1.519e-18 -0.0436308
# индексы вершин текстуры с 1306 по 1309

f  641/1306/173 642/1307/174 643/1308/175 644/1309/176
vt -1.519e-18 -0.0436308
vt 0.213333 -0.0436308
vt 0.213333 -0.0433695
vt -1.52831e-18 -0.0433695
# индексы вершин текстуры с 1310 по 1313

f  644/1310/176 643/1311/175 647/1312/179 648/1313/180
vt -1.52831e-18 0.029249
vt 0.213333 0.029249
vt 0.213333 0.0295103
vt -1.54196e-18 0.0295103
# индексы вершин текстуры с 1314 по 1317

f  648/1314/180 647/1315/179 651/1316/183 652/1317/184
vt -1.54196e-18 0.0295103
vt 0.213333 0.0295103
vt 0.213333 0.0298187
vt -1.55807e-18 0.0298187
# индексы вершин текстуры с 1318 по 1321

f  652/1318/184 651/1319/183 655/1320/187 656/1321/188
vt -1.68978e-18 0.0323394
vt 0.213333 0.0323394
vt 0.213333 0.0373016
vt -1.94907e-18 0.0373016
# индексы вершин текстуры с 1322 по 1325

f  657/1322/189 658/1323/190 659/1324/191 660/1325/192
vt -1.94907e-18 0.0373016
vt 0.213333 0.0373016
vt 0.213333 0.0419038
vt -2.18954e-18 0.0419038
# индексы вершин текстуры с 1326 по 1329

f  660/1326/192 659/1327/191 663/1328/195 664/1329/196
vt -2.18954e-18 0.0419038
vt 0.213333 0.0419038
vt 0.213333 0.0458327
vt -2.39483e-18 0.0458327
# индексы вершин текстуры с 1330 по 1333

f  664/1330/196 663/1331/195 667/1332/199 668/1333/200
vt -2.39483e-18 -0.0370599
vt 0.213333 -0.0370599
vt 0.213333 -0.03303
vt -2.55097e-18 -0.03303
# индексы вершин текстуры с 1334 по 1337

f  668/1334/200 667/1335/199 671/1336/203 672/1337/204
vt -2.67036e-18 -0.0286941
vt 0.213333 -0.0286941
vt 0.213333 -0.0243655
vt -2.80894e-18 -0.0243655
# индексы вершин текстуры с 1338 по 1341

f  673/1338/205 674/1339/206 675/1340/207 676/1341/208
vt -2.80894e-18 0.053758
vt 0.213333 0.053758
vt 0.213333 0.0573998
vt -2.99923e-18 0.0573998
# индексы вершин текстуры с 1342 по 1345

f  676/1342/208 675/1343/207 679/1344/211 680/1345/212
vt -2.99923e-18 0.0573998
vt 0.213333 0.0573998
vt 0.213333 0.0618041
vt -3.22936e-18 0.0618041
# индексы вершин текстуры с 1346 по 1349

f  680/1346/212 679/1347/211 683/1348/215 684/1349/216
vt -3.22936e-18 0.0618041
vt 0.213333 0.0618041
vt 0.213333 0.0666965
vt -3.485e-18 0.0666965
# индексы вершин текстуры с 1350 по 1353

f  684/1350/216 683/1351/215 687/1352/219 688/1353/220
vt -4.1646e-18 0.0797028
vt 0.213333 0.0797028
vt 0.213333 0.0798435
vt -4.17195e-18 0.0798435
# индексы вершин текстуры с 1354 по 1357

f  689/1354/221 690/1355/222 691/1356/223 692/1357/224
vt -4.17195e-18 -0.0149291
vt 0.213333 -0.0149291
vt 0.213333 -0.0147871
vt -4.1775e-18 -0.0147871
# индексы вершин текстуры с 1358 по 1361

f  692/1358/224 691/1359/223 695/1360/227 696/1361/228
vt -4.1775e-18 -0.0147871
vt 0.213333 -0.0147871
vt 0.213333 -0.0146217
vt -4.18083e-18 -0.0146217
# индексы вершин текстуры с 1362 по 1365

f  696/1362/228 695/1363/227 699/1364/231 700/1365/232
vt -4.18083e-18 -0.0146217
vt 0.213333 -0.0146217
vt 0.213333 -0.0144452
vt -4.18169e-18 -0.0144452
# индексы вершин текстуры с 1366 по 1369

f  700/1366/232 699/1367/231 703/1368/235 704/1369/236
vt -3.89654e-18 -0.0050223
vt 0.213333 -0.0050223
vt 0.213333 -0.00562103
vt -3.88854e-18 -0.00562103
# индексы вершин текстуры с 1370 по 1373

f  705/1370/237 706/1371/238 707/1372/239 708/1373/240
vt -3.88854e-18 -0.00562103
vt 0.213333 -0.00562103
vt 0.213333 -0.0060705
vt -3.86638e-18 -0.0060705
# индексы вершин текстуры с 1374 по 1377

f  708/1374/240 707/1375/239 711/1376/243 712/1377/244
vt -3.86638e-18 0.0739954
vt 0.213333 0.0739954
vt 0.213333 0.0733381
vt -3.83203e-18 0.0733381
# индексы вершин текстуры с 1378 по 1381

f  712/1378/244 711/1379/243 715/1380/247 716/1381/248
vt -3.83203e-18 0.0733381
vt 0.213333 0.0733381
vt 0.213333 0.0726804
vt -3.79767e-18 0.0726804
# индексы вершин текстуры с 1382 по 1385

f  716/1382/248 715/1383/247 719/1384/251 720/1385/252
vt -3.79767e-18 -0.00607025
vt 0.213333 -0.00607025
vt 0.213333 -0.00555934
vt -3.77387e-18 -0.00555934
# индексы вершин текстуры с 1386 по 1389

f  720/1386/252 719/1387/251 723/1388/255 724/1389/256
vt -3.77387e-18 -0.00555934
vt 0.213333 -0.00555934
vt 0.213333 -0.0050223
vt -3.76752e-18 -0.0050223
# индексы вершин текстуры с 1390 по 1393

f  724/1390/256 723/1391/255 727/1392/259 728/1393/260
vt -3.485e-18 -0.0095591
vt 0.213333 -0.0095591
vt 0.213333 -0.0100693
vt -3.47013e-18 -0.0100693
# индексы вершин текстуры с 1394 по 1397

f  729/1394/261 730/1395/262 731/1396/263 732/1397/264
vt -3.47013e-18 0.066412
vt 0.213333 0.066412
vt 0.213333 0.0659018
vt -3.44348e-18 0.0659018
# индексы вершин текстуры с 1398 по 1401

f  732/1398/264 731/1399/263 735/1400/267 736/1401/268
vt -3.44348e-18 0.0659018
vt 0.213333 0.0659018
vt 0.213333 0.0613656
vt -3.20645e-18 0.0613656
# индексы вершин текстуры с 1402 по 1405

f  736/1402/268 735/1403/267 739/1404/271 740/1405/272
vt -3.20645e-18 0.0613656
vt 0.213333 0.0613656
vt 0.213333 0.0570763
vt -2.98233e-18 0.0570763
# индексы вершин текстуры с 1406 по 1409

f  740/1406/272 739/1407/271 743/1408/275 744/1409/276
vt -2.98233e-18 0.0570763
vt 0.213333 0.0570763
vt 0.213333 0.0539055
vt -2.81665e-18 0.0539055
# индексы вершин текстуры с 1410 по 1413

f  744/1410/276 743/1411/275 747/1412/279 748/1413/280
vt -2.81665e-18 0.0539055
vt 0.213333 0.0539055
vt 0.213333 0.0507843
vt -2.65356e-18 0.0507843
# индексы вершин текстуры с 1414 по 1417

f  748/1414/280 747/1415/279 751/1416/283 752/1417/284
vt -2.65356e-18 -0.0177403
vt 0.213333 -0.0177403
vt 0.213333 -0.0211372
vt -2.50204e-18 -0.0211372
# индексы вершин текстуры с 1418 по 1421

f  752/1418/284 751/1419/283 755/1420/287 756/1421/288
vt -2.50204e-18 -0.0211372
vt 0.213333 -0.0211372
vt 0.213333 -0.024975
vt -2.38266e-18 -0.024975
# индексы вершин текстуры с 1422 по 1425

f  756/1422/288 755/1423/287 759/1424/291 760/1425/292
vt -2.24173e-18 -0.0299175
vt 0.213333 -0.0299175
vt 0.213333 -0.0322847
vt -2.15298e-18 -0.0322847
# индексы вершин текстуры с 1426 по 1429

f  761/1426/293 762/1427/294 763/1428/295 764/1429/296
vt -2.15298e-18 0.0412041
vt 0.213333 0.0412041
vt 0.213333 0.0389847
vt -2.03701e-18 0.0389847
# индексы вершин текстуры с 1430 по 1433

f  764/1430/296 763/1431/295 767/1432/299 768/1433/300
vt -2.03701e-18 0.0389847
vt 0.213333 0.0389847
vt 0.213333 0.0363755
vt -1.90068e-18 0.0363755
# индексы вершин текстуры с 1434 по 1437

f  768/1434/300 767/1435/299 771/1436/303 772/1437/304
vt -1.90068e-18 0.0363755
vt 0.213333 0.0363755
vt 0.213333 0.0335307
vt -1.75203e-18 0.0335307
# индексы вершин текстуры с 1438 по 1441

f  772/1438/304 771/1439/303 775/1440/307 776/1441/308
vt -1.52965e-18 0.0292746
vt 0.213333 0.0292746
vt 0.213333 0.0265089
vt -1.38513e-18 0.0265089
# индексы вершин текстуры с 1442 по 1445

f  777/1442/309 778/1443/310 779/1444/311 780/1445/312
vt -1.38513e-18 0.0265089
vt 0.213333 0.0265089
vt 0.213333 0.0242321
vt -1.26616e-18 0.0242321
# индексы вершин текстуры с 1446 по 1449

f  780/1446/312 779/1447/311 783/1448/315 784/1449/316
vt -1.26616e-18 -0.0389566
vt 0.213333 -0.0389566
vt 0.213333 -0.0414298
vt -1.19012e-18 -0.0414298
# индексы вершин текстуры с 1450 по 1453

f  784/1450/316 783/1451/315 787/1452/319 788/1453/320
vt -1.19012e-18 -0.0414298
vt 0.213333 -0.0414298
vt 0.213333 -0.0442683
vt -1.16811e-18 -0.0442683
# индексы вершин текстуры с 1454 по 1457

f  788/1454/320 787/1455/319 791/1456/323 792/1457/324
vt -1.16811e-18 -0.0456706
vt 0.213333 -0.0456706
vt 0.213333 -0.045923
vt -1.16652e-18 -0.045923
# индексы вершин текстуры с 1458 по 1461

f  793/1458/325 794/1459/326 795/1460/327 796/1461/328
vt -1.16652e-18 -0.045923
vt 0.213333 -0.045923
vt 0.213333 -0.0461498
vt -1.16052e-18 -0.0461498
# индексы вершин текстуры с 1462 по 1465

f  796/1462/328 795/1463/327 799/1464/331 800/1465/332
vt -1.16052e-18 0.0222102
vt 0.213333 0.0222102
vt 0.213333 0.0220247
vt -1.15082e-18 0.0220247
# индексы вершин текстуры с 1466 по 1469

f  800/1466/332 799/1467/331 803/1468/335 804/1469/336
vt -1.15082e-18 0.0220247
vt 0.213333 0.0220247
vt 0.213333 0.0217909
vt -1.13861e-18 0.0217909
# индексы вершин текстуры с 1470 по 1473

f  804/1470/336 803/1471/335 807/1472/339 808/1473/340
vt -1.54216e-31 2.95141e-15
vt 0.213333 2.94937e-15
vt 0.213333 0.000489094
vt -2.55559e-20 0.000489094
# индексы вершин текстуры с 1474 по 1477

f  809/1474/341 810/1475/342 811/1476/343 812/1477/344
vt -2.55559e-20 0.000489094
vt 0.213333 0.000489094
vt 0.213333 0.000903617
vt -4.72155e-20 0.000903617
# индексы вершин текстуры с 1478 по 1481

f  812/1478/344 811/1479/343 815/1480/347 816/1481/348
vt -4.72155e-20 -0.0560155
vt 0.213333 -0.0560155
vt 0.213333 -0.0564304
vt -6.16856e-20 -0.0564304
# индексы вершин текстуры с 1482 по 1485

f  816/1482/348 815/1483/347 819/1484/351 820/1485/352
vt -6.16856e-20 -0.0564304
vt 0.213333 -0.0564304
vt 0.213333 -0.0569196
vt -6.67665e-20 -0.0569196
# индексы вершин текстуры с 1486 по 1489

f  820/1486/352 819/1487/351 823/1488/355 824/1489/356
vt -6.67665e-20 -0.0569196
vt 0.213333 -0.0569196
vt 0.213333 -0.0574088
vt -6.16856e-20 -0.0574088
# индексы вершин текстуры с 1490 по 1493

f  824/1490/356 823/1491/355 827/1492/359 828/1493/360
vt -6.16856e-20 -0.0574088
vt 0.213333 -0.0574088
vt 0.213333 -0.0578236
vt -4.72155e-20 -0.0578236
# индексы вершин текстуры с 1494 по 1497

f  828/1494/360 827/1495/359 831/1496/363 832/1497/364
vt -4.72155e-20 0.000903617
vt 0.213333 0.000903617
vt 0.213333 0.000489094
vt -2.55559e-20 0.000489094
# индексы вершин текстуры с 1498 по 1501

f  832/1498/364 831/1499/363 835/1500/367 836/1501/368
vt -2.55559e-20 0.000489094
vt 0.213333 0.000489094
vt 0.213333 2.94921e-15
vt -1.54207e-31 2.95125e-15
# индексы вершин текстуры с 1502 по 1505

f  836/1502/368 835/1503/367 839/1504/371 840/1505/372
vt -4.27071e-19 0.00817335
vt 0.213333 0.00817335
vt 0.213333 0.00851447
vt -4.44894e-19 0.00851447
# индексы вершин текстуры с 1506 по 1509

f  841/1506/373 842/1507/374 843/1508/375 844/1509/376
vt -4.44894e-19 0.00851447
vt 0.213333 0.00851447
vt 0.213333 0.00879646
vt -4.59629e-19 0.00879646
# индексы вершин текстуры с 1510 по 1513

f  844/1510/376 843/1511/375 847/1512/379 848/1513/380
vt -4.59629e-19 -0.0638621
vt 0.213333 -0.0638621
vt 0.213333 -0.0641646
vt -4.69015e-19 -0.0641646
# индексы вершин текстуры с 1514 по 1517

f  848/1514/380 847/1515/379 851/1516/383 852/1517/384
vt -4.69015e-19 -0.0641646
vt 0.213333 -0.0641646
vt 0.213333 -0.0645128
vt -4.71615e-19 -0.0645128
# индексы вершин текстуры с 1518 по 1521

f  852/1518/384 851/1519/383 855/1520/387 856/1521/388
vt -4.71615e-19 -0.114627
vt 0.213333 -0.114627
vt 0.213333 -0.116908
vt -4.79538e-19 -0.116908
# индексы вершин текстуры с 1522 по 1525

f  857/1522/389 858/1523/390 859/1524/391 860/1525/392
vt -4.79538e-19 -0.116908
vt 0.213333 -0.116908
vt 0.213333 -0.119139
vt -5.05629e-19 -0.119139
# индексы вершин текстуры с 1526 по 1529

f  860/1526/392 859/1527/391 863/1528/395 864/1529/396
vt -5.05629e-19 -0.119139
vt 0.213333 -0.119139
vt 0.213333 -0.121267
vt -5.4927e-19 -0.121267
# индексы вершин текстуры с 1530 по 1533

f  864/1530/396 863/1531/395 867/1532/399 868/1533/400
vt -5.4927e-19 -0.121267
vt 0.213333 -0.121267
vt 0.213333 -0.123242
vt -6.09431e-19 -0.123242
# индексы вершин текстуры с 1534 по 1537

f  868/1534/400 867/1535/399 871/1536/403 872/1537/404
vt -6.09431e-19 -0.123242
vt 0.213333 -0.123242
vt 0.213333 -0.123478
vt -6.13131e-19 -0.123478
# индексы вершин текстуры с 1538 по 1541

f  872/1538/404 871/1539/403 875/1540/407 876/1541/408
vt -6.13131e-19 -0.123478
vt 0.213333 -0.123478
vt 0.213333 -0.123725
vt -6.13063e-19 -0.123725
# индексы вершин текстуры с 1542 по 1545

f  876/1542/408 875/1543/407 879/1544/411 880/1545/412
vt -6.13063e-19 -0.123725
vt 0.213333 -0.123725
vt 0.213333 -0.12396
vt -6.09232e-19 -0.12396
# индексы вершин текстуры с 1546 по 1549

f  880/1546/412 879/1547/411 883/1548/415 884/1549/416
vt -6.09232e-19 -0.12396
vt 0.213333 -0.12396
vt 0.213333 -0.124163
vt -6.01975e-19 -0.124163
# индексы вершин текстуры с 1550 по 1553

f  884/1550/416 883/1551/415 887/1552/419 888/1553/420
vt -6.01975e-19 0.0115207
vt 0.213333 0.0115207
vt 0.213333 0.0100916
vt -5.27301e-19 0.0100916
# индексы вершин текстуры с 1554 по 1557

f  888/1554/420 887/1555/419 891/1556/423 892/1557/424
vt -5.27301e-19 -0.125497
vt 0.213333 -0.125497
vt 0.213333 -0.127138
vt -4.71809e-19 -0.127138
# индексы вершин текстуры с 1558 по 1561

f  892/1558/424 891/1559/423 895/1560/427 896/1561/428
vt -4.71809e-19 -0.127138
vt 0.213333 -0.127138
vt 0.213333 -0.128988
vt -4.38829e-19 -0.128988
# индексы вершин текстуры с 1562 по 1565

f  896/1562/428 895/1563/427 899/1564/431 900/1565/432
vt -4.38829e-19 -0.128988
vt 0.213333 -0.128988
vt 0.213333 -0.130936
vt -4.3034e-19 -0.130936
# индексы вершин текстуры с 1566 по 1569

f  900/1566/432 899/1567/431 903/1568/435 904/1569/436
vt -4.3034e-19 -0.130936
vt 0.213333 -0.130936
vt 0.213333 -0.132865
vt -4.46852e-19 -0.132865
# индексы вершин текстуры с 1570 по 1573

f  904/1570/436 903/1571/435 907/1572/439 908/1573/440
vt -4.46852e-19 -0.132865
vt 0.213333 -0.132865
vt 0.213333 -0.134659
vt -4.87373e-19 -0.134659
# индексы вершин текстуры с 1574 по 1577

f  908/1574/440 907/1575/439 911/1576/443 912/1577/444
vt -4.87373e-19 -0.134659
vt 0.213333 -0.134659
vt 0.213333 -0.136211
vt -5.49472e-19 -0.136211
# индексы вершин текстуры с 1578 по 1581

f  912/1578/444 911/1579/443 915/1580/447 916/1581/448
vt -5.49472e-19 0.0105159
vt 0.213333 0.0105159
vt 0.213333 0.012046
vt -6.29422e-19 0.012046
# индексы вершин текстуры с 1582 по 1585

f  916/1582/448 915/1583/447 919/1584/451 920/1585/452
vt -7.8664e-19 0.0150548
vt 0.213333 0.0150548
vt 0.213333 0.0154851
vt -8.09122e-19 0.0154851
# индексы вершин текстуры с 1586 по 1589

f  921/1586/453 922/1587/454 923/1588/455 924/1589/456
vt -8.09122e-19 -0.139395
vt 0.213333 -0.139395
vt 0.213333 -0.139804
vt -8.26503e-19 -0.139804
# индексы вершин текстуры с 1590 по 1593

f  924/1590/456 923/1591/455 927/1592/459 928/1593/460
vt -8.26503e-19 -0.139804
vt 0.213333 -0.139804
vt 0.213333 -0.140288
vt -8.37507e-19 -0.140288
# индексы вершин текстуры с 1594 по 1597

f  928/1594/460 927/1595/459 931/1596/463 932/1597/464
vt -8.37507e-19 -0.140288
vt 0.213333 -0.140288
vt 0.213333 -0.14081
vt -8.41324e-19 -0.14081
# индексы вершин текстуры с 1598 по 1601

f  932/1598/464 931/1599/463 935/1600/467 936/1601/468
vt -8.41324e-19 -0.14081
vt 0.213333 -0.14081
vt 0.213333 -0.141638
vt -8.37093e-19 -0.141638
# индексы вершин текстуры с 1602 по 1605

f  936/1602/468 935/1603/467 939/1604/471 940/1605/472
vt -8.37093e-19 -0.141638
vt 0.213333 -0.141638
vt 0.213333 -0.142423
vt -8.22669e-19 -0.142423
# индексы вершин текстуры с 1606 по 1609

f  940/1606/472 939/1607/471 943/1608/475 944/1609/476
vt -8.22669e-19 -0.142423
vt 0.213333 -0.142423
vt 0.213333 -0.14312
vt -7.98885e-19 -0.14312
# индексы вершин текстуры с 1610 по 1613

f  944/1610/476 943/1611/475 947/1612/479 948/1613/480
vt -7.98885e-19 0.0152892
vt 0.213333 0.0152892
vt 0.213333 0.0146811
vt -7.6711e-19 0.0146811
# индексы вершин текстуры с 1614 по 1617

f  948/1614/480 947/1615/479 951/1616/483 952/1617/484
vt -5.09288e-19 0.00974684
vt 0.213333 0.00974684
vt 0.213333 0.00831552
vt -4.34499e-19 0.00831552
# индексы вершин текстуры с 1618 по 1621

f  953/1618/485 954/1619/486 955/1620/487 956/1621/488
vt -4.34499e-19 0.00831552
vt 0.213333 0.00831552
vt 0.213333 0.00700991
vt -3.66279e-19 0.00700991
# индексы вершин текстуры с 1622 по 1625

f  956/1622/488 955/1623/487 959/1624/491 960/1625/492
vt -3.66279e-19 -0.149864
vt 0.213333 -0.149864
vt 0.213333 -0.151269
vt -3.05369e-19 -0.151269
# индексы вершин текстуры с 1626 по 1629

f  960/1626/492 959/1627/491 963/1628/495 964/1629/496
vt -3.05369e-19 -0.151269
vt 0.213333 -0.151269
vt 0.213333 -0.152788
vt -2.52431e-19 -0.152788
# индексы вершин текстуры с 1630 по 1633

f  964/1630/496 963/1631/495 967/1632/499 968/1633/500
vt -2.52431e-19 -0.152788
vt 0.213333 -0.152788
vt 0.213333 -0.153006
vt -2.45723e-19 -0.153006
# индексы вершин текстуры с 1634 по 1637

f  968/1634/500 967/1635/499 971/1636/503 972/1637/504
vt -2.45723e-19 0.0047027
vt 0.213333 0.0047027
vt 0.213333 0.00451685
vt -2.36013e-19 0.00451685
# индексы вершин текстуры с 1638 по 1641

f  972/1638/504 971/1639/503 975/1640/507 976/1641/508
vt -2.36013e-19 0.00451685
vt 0.213333 0.00451685
vt 0.213333 0.00428921
vt -2.24118e-19 0.00428921
# индексы вершин текстуры с 1642 по 1645

f  976/1642/508 975/1643/507 979/1644/511 980/1645/512
vt -2.24118e-19 0.00428921
vt 0.213333 0.00428921
vt 0.213333 0.00403896
vt -2.11042e-19 0.00403896
# индексы вершин текстуры с 1646 по 1649

f  980/1646/512 979/1647/511 983/1648/515 984/1649/516
vt -1.54188e-31 2.95087e-15
vt 0.213333 2.94883e-15
vt 0.213333 0.000489411
vt -2.55725e-20 0.000489411
# индексы вершин текстуры с 1650 по 1653

f  985/1650/517 986/1651/518 987/1652/519 988/1653/520
vt -2.55725e-20 0.000489411
vt 0.213333 0.000489411
vt 0.213333 0.000905586
vt -4.73183e-20 0.000905586
# индексы вершин текстуры с 1654 по 1657

f  988/1654/520 987/1655/519 991/1656/523 992/1657/524
vt -4.73183e-20 -0.159114
vt 0.213333 -0.159114
vt 0.213333 -0.159527
vt -6.18746e-20 -0.159527
# индексы вершин текстуры с 1658 по 1661

f  992/1658/524 991/1659/523 995/1660/527 996/1661/528
vt -6.18746e-20 -0.159527
vt 0.213333 -0.159527
vt 0.213333 -0.160015
vt -6.69904e-20 -0.160015
# индексы вершин текстуры с 1662 по 1665

f  996/1662/528 995/1663/527 999/1664/531 1000/1665/532
vt -6.69904e-20 -0.160015
vt 0.213333 -0.160015
vt 0.213333 -0.160503
vt -6.18746e-20 -0.160503
# индексы вершин текстуры с 1666 по 1669

f  1000/1666/532 999/1667/531 1003/1668/535 1004/1669/536
vt -6.18746e-20 -0.160503
vt 0.213333 -0.160503
vt 0.213333 -0.160916
vt -4.73183e-20 -0.160916
# индексы вершин текстуры с 1670 по 1673

f  1004/1670/536 1003/1671/535 1007/1672/539 1008/1673/540
vt -4.73183e-20 0.000905586
vt 0.213333 0.000905586
vt 0.213333 0.000489411
vt -2.55725e-20 0.000489411
# индексы вершин текстуры с 1674 по 1677

f  1008/1674/540 1007/1675/539 1011/1676/543 1012/1677/544
vt -2.55725e-20 0.000489411
vt 0.213333 0.000489411
vt 0.213333 2.94868e-15
vt -1.5418e-31 2.95072e-15
# индексы вершин текстуры с 1678 по 1681

f  1012/1678/544 1011/1679/543 1015/1680/547 1016/1681/548
vt -4.48427e-19 0.00858207
vt 0.213333 0.00858207
vt 0.213333 0.00880255
vt -4.59948e-19 0.00880255
# индексы вершин текстуры с 1682 по 1685

f  1017/1682/549 1018/1683/550 470/1684/2 469/1685/1
